[{"id":7821,"annotations":[{"id":33,"completed_by":14,"result":[{"value":{"choices":["5-Könnyen érthető"]},"id":"GZ_jfaQ32q","from_name":"sentiment","to_name":"text","type":"choices","origin":"manual"}],"was_cancelled":false,"ground_truth":false,"created_at":"2025-10-16T13:02:09.907640Z","updated_at":"2025-10-16T13:02:09.907651Z","draft_created_at":null,"lead_time":26.673,"prediction":{},"result_count":1,"unique_id":"5f72cf4c-d7ad-4d68-8e23-f3b1a76773f3","import_id":null,"last_action":null,"bulk_created":false,"task":7821,"project":20,"updated_by":14,"parent_prediction":null,"parent_annotation":null,"last_created_by":null}],"file_upload":"82d3817b-KH_aszf.txt","drafts":[],"predictions":[],"data":{"text":"I. Fogalom meghatározások"},"meta":{},"created_at":"2025-10-16T13:00:32.197291Z","updated_at":"2025-10-16T13:02:09.963954Z","inner_id":1,"total_annotations":1,"cancelled_annotations":0,"total_predictions":0,"comment_count":0,"unresolved_comment_count":0,"last_comment_updated_at":null,"project":20,"updated_by":14,"comment_authors":[]},{"id":7822,"annotations":[{"id":42,"completed_by":14,"result":[{"value":{"choices":["4-Érthető"]},"id":"-rBFERGfcZ","from_name":"sentiment","to_name":"text","type":"choices","origin":"manual"}],"was_cancelled":false,"ground_truth":false,"created_at":"2025-10-16T13:02:41.324437Z","updated_at":"2025-10-16T13:03:22.536752Z","draft_created_at":null,"lead_time":33.088,"prediction":{},"result_count":1,"unique_id":"187e0192-b578-4225-8654-b88866bc8fad","import_id":null,"last_action":null,"bulk_created":false,"task":7822,"project":20,"updated_by":14,"parent_prediction":null,"parent_annotation":null,"last_created_by":null}],"file_upload":"82d3817b-KH_aszf.txt","drafts":[],"predictions":[],"data":{"text":"e-azonosító szám: A Bank által kibocsátott virtuális kártyaszám, amely e-bank azonosító kártya kibocsátása esetén megegyezik az e-bank azonosító kártya számával. Az e-azonosító szám névre szóló, annak birtokosa csak természetes személy lehet."},"meta":{},"created_at":"2025-10-16T13:00:32.197341Z","updated_at":"2025-10-16T13:03:22.573052Z","inner_id":2,"total_annotations":1,"cancelled_annotations":0,"total_predictions":0,"comment_count":0,"unresolved_comment_count":0,"last_comment_updated_at":null,"project":20,"updated_by":14,"comment_authors":[]},{"id":7823,"annotations":[{"id":48,"completed_by":14,"result":[{"value":{"choices":["4-Érthető"]},"id":"-CUmQbiRo_","from_name":"sentiment","to_name":"text","type":"choices","origin":"manual"}],"was_cancelled":false,"ground_truth":false,"created_at":"2025-10-16T13:03:25.039806Z","updated_at":"2025-10-16T13:03:25.039817Z","draft_created_at":null,"lead_time":1.465,"prediction":{},"result_count":1,"unique_id":"1e0cb23d-71f2-4771-88bd-6a0719986ab1","import_id":null,"last_action":null,"bulk_created":false,"task":7823,"project":20,"updated_by":14,"parent_prediction":null,"parent_annotation":null,"last_created_by":null}],"file_upload":"82d3817b-KH_aszf.txt","drafts":[],"predictions":[],"data":{"text":"e-bank azonosító kártya: A Bank által kibocsátott, bankkártyának nem minősülő műanyag lap, amely - mint távolról hozzáférést biztosító elektronikus fizetési eszköz - biztosítja, a PIN kód révén, kizárólag az Ügyfél\/Felhasználó részére a K&H e-bank interneten keresztül történő igénybevételét. A Bank által kibocsátott azonosító kártya a Bank tulajdonát képezi. Az e-bank azonosító kártya névre szóló, annak birtokosa csak természetes személy lehet."},"meta":{},"created_at":"2025-10-16T13:00:32.197380Z","updated_at":"2025-10-16T13:03:25.066009Z","inner_id":3,"total_annotations":1,"cancelled_annotations":0,"total_predictions":0,"comment_count":0,"unresolved_comment_count":0,"last_comment_updated_at":null,"project":20,"updated_by":14,"comment_authors":[]},{"id":7824,"annotations":[{"id":52,"completed_by":14,"result":[{"value":{"choices":["5-Könnyen érthető"]},"id":"0CgTFN85bK","from_name":"sentiment","to_name":"text","type":"choices","origin":"manual"}],"was_cancelled":false,"ground_truth":false,"created_at":"2025-10-16T13:03:39.661546Z","updated_at":"2025-10-16T13:03:39.661557Z","draft_created_at":null,"lead_time":7.925,"prediction":{},"result_count":1,"unique_id":"3a6a2ad6-8203-4698-9e47-0564ddbb305b","import_id":null,"last_action":null,"bulk_created":false,"task":7824,"project":20,"updated_by":14,"parent_prediction":null,"parent_annotation":null,"last_created_by":null}],"file_upload":"82d3817b-KH_aszf.txt","drafts":[],"predictions":[],"data":{"text":"Egyszer használatos jelszó: A Bank által az Ügyfél részére SMS üzenetben megküldött, egyszeri belépésre felhasználható jelszó."},"meta":{},"created_at":"2025-10-16T13:00:32.197417Z","updated_at":"2025-10-16T13:03:39.685799Z","inner_id":4,"total_annotations":1,"cancelled_annotations":0,"total_predictions":0,"comment_count":0,"unresolved_comment_count":0,"last_comment_updated_at":null,"project":20,"updated_by":14,"comment_authors":[]},{"id":7825,"annotations":[{"id":56,"completed_by":14,"result":[{"value":{"choices":["3-Többé\/kevésbé megértem"]},"id":"1v9TX9IJCV","from_name":"sentiment","to_name":"text","type":"choices","origin":"manual"}],"was_cancelled":false,"ground_truth":false,"created_at":"2025-10-16T13:03:56.348464Z","updated_at":"2025-10-16T13:03:56.348476Z","draft_created_at":null,"lead_time":15.399,"prediction":{},"result_count":1,"unique_id":"9af36c97-5172-4798-a12c-8a0175e59354","import_id":null,"last_action":null,"bulk_created":false,"task":7825,"project":20,"updated_by":14,"parent_prediction":null,"parent_annotation":null,"last_created_by":null}],"file_upload":"82d3817b-KH_aszf.txt","drafts":[],"predictions":[],"data":{"text":"Elektronikus banki művelet: Minden olyan megbízás és értesítés, amelyet az Ügyfél\/Felhasználó közvetlenül számítógépes kommunikáció alkalmazásával, legalább részben elektronikus jelek formájában ad meg a Bank számára. Az elektronikus banki műveletek során az Ügyfél az aláírását a Bank által jóváhagyott formátumú személyazonosító kódolással helyettesíti."},"meta":{},"created_at":"2025-10-16T13:00:32.197454Z","updated_at":"2025-10-16T13:03:56.372665Z","inner_id":5,"total_annotations":1,"cancelled_annotations":0,"total_predictions":0,"comment_count":0,"unresolved_comment_count":0,"last_comment_updated_at":null,"project":20,"updated_by":14,"comment_authors":[]},{"id":7826,"annotations":[{"id":62,"completed_by":14,"result":[{"value":{"choices":["2-Nehezen érthető"]},"id":"KPLT9PJR43","from_name":"sentiment","to_name":"text","type":"choices","origin":"manual"}],"was_cancelled":false,"ground_truth":false,"created_at":"2025-10-16T13:04:32.273822Z","updated_at":"2025-10-16T13:04:32.273837Z","draft_created_at":null,"lead_time":34.908,"prediction":{},"result_count":1,"unique_id":"6ed9004d-02db-4a01-a413-15ac8d0a2913","import_id":null,"last_action":null,"bulk_created":false,"task":7826,"project":20,"updated_by":14,"parent_prediction":null,"parent_annotation":null,"last_created_by":null}],"file_upload":"82d3817b-KH_aszf.txt","drafts":[],"predictions":[],"data":{"text":"Felhasználó: K&H vállalkozói e-bank szolgáltatás esetében az Ügyfél által, a szolgáltatásra irányadó feltételek szerint elektronikus banki műveletek végzésére felhatalmazott bármely személy."},"meta":{},"created_at":"2025-10-16T13:00:32.197489Z","updated_at":"2025-10-16T13:04:32.331077Z","inner_id":6,"total_annotations":1,"cancelled_annotations":0,"total_predictions":0,"comment_count":0,"unresolved_comment_count":0,"last_comment_updated_at":null,"project":20,"updated_by":14,"comment_authors":[]},{"id":7827,"annotations":[{"id":69,"completed_by":14,"result":[{"value":{"choices":["4-Érthető"]},"id":"d0XwxgOqI3","from_name":"sentiment","to_name":"text","type":"choices","origin":"manual"}],"was_cancelled":false,"ground_truth":false,"created_at":"2025-10-16T13:05:11.132815Z","updated_at":"2025-10-16T13:05:11.132827Z","draft_created_at":null,"lead_time":37.232,"prediction":{},"result_count":1,"unique_id":"11b72a48-da31-4756-b6f5-947e13745195","import_id":null,"last_action":null,"bulk_created":false,"task":7827,"project":20,"updated_by":14,"parent_prediction":null,"parent_annotation":null,"last_created_by":null}],"file_upload":"82d3817b-KH_aszf.txt","drafts":[],"predictions":[],"data":{"text":"Hirdetmény: A Bank által az ügyfélforgalom számára nyitva álló helyiségében, a szolgáltatások igénybevételeinek feltételeit tartalmazó közlemény. A Hirdetmény tartalmazza többek között a szolgáltatások tartalmát, az igénybevételéhez szükséges eszközök paramétereit, illetve a díjakat, jutalékokat."},"meta":{},"created_at":"2025-10-16T13:00:32.197525Z","updated_at":"2025-10-16T13:05:11.157263Z","inner_id":7,"total_annotations":1,"cancelled_annotations":0,"total_predictions":0,"comment_count":0,"unresolved_comment_count":0,"last_comment_updated_at":null,"project":20,"updated_by":14,"comment_authors":[]},{"id":7828,"annotations":[{"id":73,"completed_by":14,"result":[{"value":{"choices":["5-Könnyen érthető"]},"id":"mT3cbLHKBu","from_name":"sentiment","to_name":"text","type":"choices","origin":"manual"}],"was_cancelled":false,"ground_truth":false,"created_at":"2025-10-16T13:05:21.760113Z","updated_at":"2025-10-16T13:05:21.760125Z","draft_created_at":null,"lead_time":9.127,"prediction":{},"result_count":1,"unique_id":"7e6c5502-8e20-4cbd-b8f3-223cdf281860","import_id":null,"last_action":null,"bulk_created":false,"task":7828,"project":20,"updated_by":14,"parent_prediction":null,"parent_annotation":null,"last_created_by":null}],"file_upload":"82d3817b-KH_aszf.txt","drafts":[],"predictions":[],"data":{"text":"Hozzáférési jog: A Felhasználó azon joga, mely egyértelműen meghatározza, hogy a Felhasználó a K&H e-bank szolgáltatás keretében milyen típusú elektronikus banki műveleteket végezhet."},"meta":{},"created_at":"2025-10-16T13:00:32.197561Z","updated_at":"2025-10-16T13:05:21.784558Z","inner_id":8,"total_annotations":1,"cancelled_annotations":0,"total_predictions":0,"comment_count":0,"unresolved_comment_count":0,"last_comment_updated_at":null,"project":20,"updated_by":14,"comment_authors":[]},{"id":7829,"annotations":[{"id":79,"completed_by":14,"result":[{"value":{"choices":["5-Könnyen érthető"]},"id":"kXHSXiFmGi","from_name":"sentiment","to_name":"text","type":"choices","origin":"manual"}],"was_cancelled":false,"ground_truth":false,"created_at":"2025-10-16T13:05:40.998514Z","updated_at":"2025-10-16T13:05:40.998526Z","draft_created_at":null,"lead_time":17.411,"prediction":{},"result_count":1,"unique_id":"e2c5b5c8-863b-4e8f-8642-d7d5511b938f","import_id":null,"last_action":null,"bulk_created":false,"task":7829,"project":20,"updated_by":14,"parent_prediction":null,"parent_annotation":null,"last_created_by":null}],"file_upload":"82d3817b-KH_aszf.txt","drafts":[],"predictions":[],"data":{"text":"Induló sms aktivizáló kód: A Bank az Ügyfél részére az e-azonosító számmal együtt átadott egyszer használatos jelszó, amelynek megküldésével az Ügyfél aktiválja az e-azonosító számát és megkapja az e- bank felületre történő első belépéshez szükséges egyszer használatos jelszót a banktól sms-ben."},"meta":{},"created_at":"2025-10-16T13:00:32.197597Z","updated_at":"2025-10-16T13:05:41.024095Z","inner_id":9,"total_annotations":1,"cancelled_annotations":0,"total_predictions":0,"comment_count":0,"unresolved_comment_count":0,"last_comment_updated_at":null,"project":20,"updated_by":14,"comment_authors":[]},{"id":7830,"annotations":[{"id":80,"completed_by":14,"result":[{"value":{"choices":["2-Nehezen érthető"]},"id":"v47ucLP6jh","from_name":"sentiment","to_name":"text","type":"choices","origin":"manual"}],"was_cancelled":false,"ground_truth":false,"created_at":"2025-10-16T13:06:00.516675Z","updated_at":"2025-10-16T13:06:00.516686Z","draft_created_at":null,"lead_time":18.218,"prediction":{},"result_count":1,"unique_id":"b58f9def-595e-44b2-b163-5dda1eac05f9","import_id":null,"last_action":null,"bulk_created":false,"task":7830,"project":20,"updated_by":14,"parent_prediction":null,"parent_annotation":null,"last_created_by":null}],"file_upload":"82d3817b-KH_aszf.txt","drafts":[],"predictions":[],"data":{"text":"K&H e-bank szolgáltatás: A Bank által az Ügyfelek részére nyújtott szolgáltatás, amely során az Ügyfelek a kapcsolódó kondíciókról az ide vonatkozó Hirdetményekben meghatározott, és K&H lakossági e-bank szolgáltatás esetén az https:\/\/ebank.khb.hu\/lakossag, K&H trambulin e-bank szolgáltatás esetén az https:\/\/ebank.khb.hu\/trambulin, K&H vállalkozói e-bank szolgáltatás esetén a https:\/\/ebank.khb.hu\/vallalat internetes címen elérhető szolgáltatásokat vehetik igénybe."},"meta":{},"created_at":"2025-10-16T13:00:32.197633Z","updated_at":"2025-10-16T13:06:00.542114Z","inner_id":10,"total_annotations":1,"cancelled_annotations":0,"total_predictions":0,"comment_count":0,"unresolved_comment_count":0,"last_comment_updated_at":null,"project":20,"updated_by":14,"comment_authors":[]},{"id":7831,"annotations":[{"id":82,"completed_by":14,"result":[{"value":{"choices":["5-Könnyen érthető"]},"id":"D9d_1tS202","from_name":"sentiment","to_name":"text","type":"choices","origin":"manual"}],"was_cancelled":false,"ground_truth":false,"created_at":"2025-10-16T13:06:04.586508Z","updated_at":"2025-10-16T13:06:04.586519Z","draft_created_at":null,"lead_time":2.393,"prediction":{},"result_count":1,"unique_id":"f8dff02b-7cb5-4d76-9058-770e279c80d1","import_id":null,"last_action":null,"bulk_created":false,"task":7831,"project":20,"updated_by":14,"parent_prediction":null,"parent_annotation":null,"last_created_by":null}],"file_upload":"82d3817b-KH_aszf.txt","drafts":[],"predictions":[],"data":{"text":"Meghajtó program: A chipkártya-olvasó üzemeltetéséhez szükséges program."},"meta":{},"created_at":"2025-10-16T13:00:32.197668Z","updated_at":"2025-10-16T13:06:04.611484Z","inner_id":11,"total_annotations":1,"cancelled_annotations":0,"total_predictions":0,"comment_count":0,"unresolved_comment_count":0,"last_comment_updated_at":null,"project":20,"updated_by":14,"comment_authors":[]},{"id":7832,"annotations":[{"id":83,"completed_by":14,"result":[{"value":{"choices":["3-Többé\/kevésbé megértem"]},"id":"kJrZo5fICJ","from_name":"sentiment","to_name":"text","type":"choices","origin":"manual"}],"was_cancelled":false,"ground_truth":false,"created_at":"2025-10-16T13:06:25.695501Z","updated_at":"2025-10-16T13:06:25.695512Z","draft_created_at":null,"lead_time":19.267,"prediction":{},"result_count":1,"unique_id":"fe0ee9ad-7c31-4be4-99d8-279ded9c780c","import_id":null,"last_action":null,"bulk_created":false,"task":7832,"project":20,"updated_by":14,"parent_prediction":null,"parent_annotation":null,"last_created_by":null}],"file_upload":"82d3817b-KH_aszf.txt","drafts":[],"predictions":[],"data":{"text":"Minimális konfiguráció: A szolgáltatás igénybevételéhez szükséges minimális technikai feltételek."},"meta":{},"created_at":"2025-10-16T13:00:32.197702Z","updated_at":"2025-10-16T13:06:25.721035Z","inner_id":12,"total_annotations":1,"cancelled_annotations":0,"total_predictions":0,"comment_count":0,"unresolved_comment_count":0,"last_comment_updated_at":null,"project":20,"updated_by":14,"comment_authors":[]},{"id":7833,"annotations":[{"id":85,"completed_by":14,"result":[{"value":{"choices":["5-Könnyen érthető"]},"id":"0ct5wWnp9p","from_name":"sentiment","to_name":"text","type":"choices","origin":"manual"}],"was_cancelled":false,"ground_truth":false,"created_at":"2025-10-16T13:08:01.184658Z","updated_at":"2025-10-16T13:08:01.184669Z","draft_created_at":null,"lead_time":93.932,"prediction":{},"result_count":1,"unique_id":"205dce79-d047-4b3f-9941-377c0fb49449","import_id":null,"last_action":null,"bulk_created":false,"task":7833,"project":20,"updated_by":14,"parent_prediction":null,"parent_annotation":null,"last_created_by":null}],"file_upload":"82d3817b-KH_aszf.txt","drafts":[],"predictions":[],"data":{"text":"Nyilvános helyen történő üzemeltetés: Bármely a banki, illetőleg az otthoni számítógép-használat körén kívül eső hely."},"meta":{},"created_at":"2025-10-16T13:00:32.197737Z","updated_at":"2025-10-16T13:08:01.209400Z","inner_id":13,"total_annotations":1,"cancelled_annotations":0,"total_predictions":0,"comment_count":0,"unresolved_comment_count":0,"last_comment_updated_at":null,"project":20,"updated_by":14,"comment_authors":[]},{"id":7834,"annotations":[{"id":86,"completed_by":14,"result":[{"value":{"choices":["5-Könnyen érthető"]},"id":"KUe63noL8S","from_name":"sentiment","to_name":"text","type":"choices","origin":"manual"}],"was_cancelled":false,"ground_truth":false,"created_at":"2025-10-16T13:08:05.962153Z","updated_at":"2025-10-16T13:08:05.962164Z","draft_created_at":null,"lead_time":3.735,"prediction":{},"result_count":1,"unique_id":"5856134a-2843-4fa0-a17e-f8deff795041","import_id":null,"last_action":null,"bulk_created":false,"task":7834,"project":20,"updated_by":14,"parent_prediction":null,"parent_annotation":null,"last_created_by":null}],"file_upload":"82d3817b-KH_aszf.txt","drafts":[],"predictions":[],"data":{"text":"Olvasó: A szolgáltatás igénybevételéhez szükséges chipkártya-olvasó."},"meta":{},"created_at":"2025-10-16T13:00:32.197772Z","updated_at":"2025-10-16T13:08:05.988478Z","inner_id":14,"total_annotations":1,"cancelled_annotations":0,"total_predictions":0,"comment_count":0,"unresolved_comment_count":0,"last_comment_updated_at":null,"project":20,"updated_by":14,"comment_authors":[]},{"id":7835,"annotations":[{"id":87,"completed_by":14,"result":[{"value":{"choices":["5-Könnyen érthető"]},"id":"hcrf-2AJk_","from_name":"sentiment","to_name":"text","type":"choices","origin":"manual"}],"was_cancelled":false,"ground_truth":false,"created_at":"2025-10-16T13:08:20.136882Z","updated_at":"2025-10-16T13:08:20.136893Z","draft_created_at":null,"lead_time":13.061,"prediction":{},"result_count":1,"unique_id":"200bd5d3-21a3-489e-a00d-cb218ba25fb8","import_id":null,"last_action":null,"bulk_created":false,"task":7835,"project":20,"updated_by":14,"parent_prediction":null,"parent_annotation":null,"last_created_by":null}],"file_upload":"82d3817b-KH_aszf.txt","drafts":[],"predictions":[],"data":{"text":"PIN kód (Personal Identification Number): Az a szigorú biztonsági előírások mellett készített, újra elő nem állítható, adott személyre vonatkozó titkos személyi azonosító kód, amelyet a Bank az Ügyfél\/Felhasználó részére eljuttat, és amely lehetővé teszi az azonosító kártya használatával a szolgáltatás igénybevételét."},"meta":{},"created_at":"2025-10-16T13:00:32.197808Z","updated_at":"2025-10-16T13:08:20.162572Z","inner_id":15,"total_annotations":1,"cancelled_annotations":0,"total_predictions":0,"comment_count":0,"unresolved_comment_count":0,"last_comment_updated_at":null,"project":20,"updated_by":14,"comment_authors":[]},{"id":7836,"annotations":[{"id":88,"completed_by":14,"result":[{"value":{"choices":["5-Könnyen érthető"]},"id":"8w95Bam2AP","from_name":"sentiment","to_name":"text","type":"choices","origin":"manual"}],"was_cancelled":false,"ground_truth":false,"created_at":"2025-10-16T13:08:28.684754Z","updated_at":"2025-10-16T13:08:28.684765Z","draft_created_at":null,"lead_time":6.872,"prediction":{},"result_count":1,"unique_id":"daa44eef-4997-457d-aa00-18157727d6b6","import_id":null,"last_action":null,"bulk_created":false,"task":7836,"project":20,"updated_by":14,"parent_prediction":null,"parent_annotation":null,"last_created_by":null}],"file_upload":"82d3817b-KH_aszf.txt","drafts":[],"predictions":[],"data":{"text":"Ügyfél: A szolgáltatás alapjául szolgáló bankszámlaszerződéssel rendelkező természetes személy, illetve gazdálkodó és egyéb szervezetek."},"meta":{},"created_at":"2025-10-16T13:00:32.197843Z","updated_at":"2025-10-16T13:08:28.711799Z","inner_id":16,"total_annotations":1,"cancelled_annotations":0,"total_predictions":0,"comment_count":0,"unresolved_comment_count":0,"last_comment_updated_at":null,"project":20,"updated_by":14,"comment_authors":[]},{"id":7837,"annotations":[{"id":90,"completed_by":14,"result":[{"value":{"choices":["5-Könnyen érthető"]},"id":"bzTdRAkCtp","from_name":"sentiment","to_name":"text","type":"choices","origin":"manual"}],"was_cancelled":false,"ground_truth":false,"created_at":"2025-10-16T13:08:36.688372Z","updated_at":"2025-10-16T13:08:36.688391Z","draft_created_at":null,"lead_time":6.346,"prediction":{},"result_count":1,"unique_id":"4cb29d1a-db20-40db-a940-6b177aeb6e8e","import_id":null,"last_action":null,"bulk_created":false,"task":7837,"project":20,"updated_by":14,"parent_prediction":null,"parent_annotation":null,"last_created_by":null}],"file_upload":"82d3817b-KH_aszf.txt","drafts":[],"predictions":[],"data":{"text":"Üzemeltető: Az, aki a Banktól függetlenül biztosítja a szolgáltatás eléréséhez szükséges, Hirdetményben meghatározott eszközöket."},"meta":{},"created_at":"2025-10-16T13:00:32.197877Z","updated_at":"2025-10-16T13:08:36.734181Z","inner_id":17,"total_annotations":1,"cancelled_annotations":0,"total_predictions":0,"comment_count":0,"unresolved_comment_count":0,"last_comment_updated_at":null,"project":20,"updated_by":14,"comment_authors":[]},{"id":7838,"annotations":[{"id":91,"completed_by":14,"result":[{"value":{"choices":["5-Könnyen érthető"]},"id":"G7MQ6uSTk_","from_name":"sentiment","to_name":"text","type":"choices","origin":"manual"}],"was_cancelled":false,"ground_truth":false,"created_at":"2025-10-16T13:08:40.048825Z","updated_at":"2025-10-16T13:08:40.048837Z","draft_created_at":null,"lead_time":1.829,"prediction":{},"result_count":1,"unique_id":"aed11de0-f5ab-420e-8795-86307cc9d916","import_id":null,"last_action":null,"bulk_created":false,"task":7838,"project":20,"updated_by":14,"parent_prediction":null,"parent_annotation":null,"last_created_by":null}],"file_upload":"82d3817b-KH_aszf.txt","drafts":[],"predictions":[],"data":{"text":"II. Általános rendelkezések"},"meta":{},"created_at":"2025-10-16T13:00:32.197912Z","updated_at":"2025-10-16T13:08:40.073413Z","inner_id":18,"total_annotations":1,"cancelled_annotations":0,"total_predictions":0,"comment_count":0,"unresolved_comment_count":0,"last_comment_updated_at":null,"project":20,"updated_by":14,"comment_authors":[]},{"id":7839,"annotations":[{"id":92,"completed_by":14,"result":[{"value":{"choices":["2-Nehezen érthető"]},"id":"jSP9iqpCVP","from_name":"sentiment","to_name":"text","type":"choices","origin":"manual"}],"was_cancelled":false,"ground_truth":false,"created_at":"2025-10-16T13:08:57.582306Z","updated_at":"2025-10-16T13:08:57.582318Z","draft_created_at":null,"lead_time":16.556,"prediction":{},"result_count":1,"unique_id":"4b803e9d-c62b-48a2-b967-5a8c1eb26947","import_id":null,"last_action":null,"bulk_created":false,"task":7839,"project":20,"updated_by":14,"parent_prediction":null,"parent_annotation":null,"last_created_by":null}],"file_upload":"82d3817b-KH_aszf.txt","drafts":[],"predictions":[],"data":{"text":"2.1 A Bank a vonatkozó ÁSZF, a vonatkozó Hirdetmény és a Bank Üzletszabályzatának Ügyfél\/Felhasználó általi elfogadásával K&H e-bank szolgáltatást nyújt az Ügyfél\/Felhasználó részére, s e szolgáltatások igénybevételéhez – az Ügyfél rendelkezésének megfelelően – e-bank azonosító kártyát vagy – az ügyfél választása szerint - e-azonosító számot bocsát ki."},"meta":{},"created_at":"2025-10-16T13:00:32.197948Z","updated_at":"2025-10-16T13:08:57.607276Z","inner_id":19,"total_annotations":1,"cancelled_annotations":0,"total_predictions":0,"comment_count":0,"unresolved_comment_count":0,"last_comment_updated_at":null,"project":20,"updated_by":14,"comment_authors":[]},{"id":7840,"annotations":[{"id":94,"completed_by":14,"result":[{"value":{"choices":["5-Könnyen érthető"]},"id":"FVALH86baH","from_name":"sentiment","to_name":"text","type":"choices","origin":"manual"}],"was_cancelled":false,"ground_truth":false,"created_at":"2025-10-16T13:09:08.125448Z","updated_at":"2025-10-16T13:09:08.125467Z","draft_created_at":null,"lead_time":9.577,"prediction":{},"result_count":1,"unique_id":"1cbfb0c7-2375-4491-86ee-ebc7f0ec7189","import_id":null,"last_action":null,"bulk_created":false,"task":7840,"project":20,"updated_by":14,"parent_prediction":null,"parent_annotation":null,"last_created_by":null}],"file_upload":"82d3817b-KH_aszf.txt","drafts":[],"predictions":[],"data":{"text":"2.2 Az Ügyfél köteles rendelkezni az e-bank szolgáltatás igénybevételéhez szükséges, a Bank által meghatározott berendezésekkel, illetőleg ilyen berendezések használatára jogosultnak kell lennie. Ezen berendezések valamint a szolgáltatás igénybevételéhez szükséges egyéb eszközök műszaki jellemzőit, használatát az Ügyfél köteles megismerni."},"meta":{},"created_at":"2025-10-16T13:00:32.197984Z","updated_at":"2025-10-16T13:09:08.151684Z","inner_id":20,"total_annotations":1,"cancelled_annotations":0,"total_predictions":0,"comment_count":0,"unresolved_comment_count":0,"last_comment_updated_at":null,"project":20,"updated_by":14,"comment_authors":[]},{"id":7841,"annotations":[{"id":95,"completed_by":14,"result":[{"value":{"choices":["3-Többé\/kevésbé megértem"]},"id":"Ed6ohXmMHr","from_name":"sentiment","to_name":"text","type":"choices","origin":"manual"}],"was_cancelled":false,"ground_truth":false,"created_at":"2025-10-16T13:09:32.219333Z","updated_at":"2025-10-16T13:09:32.219345Z","draft_created_at":null,"lead_time":22.944,"prediction":{},"result_count":1,"unique_id":"70eb59ea-4363-4df5-b3d8-f7ea1a9d0e02","import_id":null,"last_action":null,"bulk_created":false,"task":7841,"project":20,"updated_by":14,"parent_prediction":null,"parent_annotation":null,"last_created_by":null}],"file_upload":"82d3817b-KH_aszf.txt","drafts":[],"predictions":[],"data":{"text":"2.3 Az Ügyfél\/Felhasználó az e-bank szolgáltatás keretében banki szolgáltatásokat vehet igénybe. A szolgáltatási kört a Bank ügyfélforgalom számára nyitva álló helyiségeiben és az interneten közzétett Hirdetmény tartalmazza."},"meta":{},"created_at":"2025-10-16T13:00:32.198019Z","updated_at":"2025-10-16T13:09:32.244821Z","inner_id":21,"total_annotations":1,"cancelled_annotations":0,"total_predictions":0,"comment_count":0,"unresolved_comment_count":0,"last_comment_updated_at":null,"project":20,"updated_by":14,"comment_authors":[]},{"id":7842,"annotations":[{"id":96,"completed_by":14,"result":[{"value":{"choices":["2-Nehezen érthető"]},"id":"qU3EWdwNct","from_name":"sentiment","to_name":"text","type":"choices","origin":"manual"}],"was_cancelled":false,"ground_truth":false,"created_at":"2025-10-16T13:09:45.107465Z","updated_at":"2025-10-16T13:09:47.402785Z","draft_created_at":null,"lead_time":13.839,"prediction":{},"result_count":1,"unique_id":"cc96e52d-e019-4c49-aafc-39d84e36cbf0","import_id":null,"last_action":null,"bulk_created":false,"task":7842,"project":20,"updated_by":14,"parent_prediction":null,"parent_annotation":null,"last_created_by":null}],"file_upload":"82d3817b-KH_aszf.txt","drafts":[],"predictions":[],"data":{"text":"2.4 A Bank a szolgáltatások igénybevételéért a Hirdetményben meghatározott díjakat, költségeket vagy jutalékokat számítja fel. A Bank jogosult az esedékes díjakat, jutalékokat illetve költségeket a Hirdetményben meghatározott időpontban az Ügyfél bankszámlájára terhelni. A Hirdetményben közzétett díjak, költségek, jutalékok nem tartalmazzák a szolgáltatások igénybevételével végrehajtott tranzakcióknak a vonatkozó Hirdetményben meghatározott mértékű díjait, költségeit, jutalékait."},"meta":{},"created_at":"2025-10-16T13:00:32.198055Z","updated_at":"2025-10-16T13:09:47.440256Z","inner_id":22,"total_annotations":1,"cancelled_annotations":0,"total_predictions":0,"comment_count":0,"unresolved_comment_count":0,"last_comment_updated_at":null,"project":20,"updated_by":14,"comment_authors":[]},{"id":7843,"annotations":[{"id":97,"completed_by":14,"result":[{"value":{"choices":["3-Többé\/kevésbé megértem"]},"id":"-gJ95dqrAx","from_name":"sentiment","to_name":"text","type":"choices","origin":"manual"}],"was_cancelled":false,"ground_truth":false,"created_at":"2025-10-16T13:10:24.961171Z","updated_at":"2025-10-16T13:10:24.961183Z","draft_created_at":null,"lead_time":36.188,"prediction":{},"result_count":1,"unique_id":"501f7a6c-9b20-4bb9-8fd3-34e6b4addf08","import_id":null,"last_action":null,"bulk_created":false,"task":7843,"project":20,"updated_by":14,"parent_prediction":null,"parent_annotation":null,"last_created_by":null}],"file_upload":"82d3817b-KH_aszf.txt","drafts":[],"predictions":[],"data":{"text":"2.5 Az Ügyfél a Bankkal szemben, a jelen ÁSZF alapján keletkező valamennyi fizetési kötelezettségének köteles esedékességkor, illetve felmerülésekor eleget tenni. A Bank jogosult arra, hogy az Ügyféllel szemben keletkező követelését az Ügyfél banknál vezetett bármely számlájával szemben elszámolja, illetve az Ügyfél egyéb számláján alapuló, vagy a Bankkal szemben egyébként fennálló követelésébe beszámítsa."},"meta":{},"created_at":"2025-10-16T13:00:32.198090Z","updated_at":"2025-10-16T13:10:24.987058Z","inner_id":23,"total_annotations":1,"cancelled_annotations":0,"total_predictions":0,"comment_count":0,"unresolved_comment_count":0,"last_comment_updated_at":null,"project":20,"updated_by":14,"comment_authors":[]},{"id":7844,"annotations":[{"id":98,"completed_by":14,"result":[{"value":{"choices":["4-Érthető"]},"id":"oBkVfirhwo","from_name":"sentiment","to_name":"text","type":"choices","origin":"manual"}],"was_cancelled":false,"ground_truth":false,"created_at":"2025-10-16T13:10:35.714927Z","updated_at":"2025-10-16T13:10:35.714938Z","draft_created_at":null,"lead_time":9.783,"prediction":{},"result_count":1,"unique_id":"1e7fa33f-c3a5-4371-a973-78a64e3ae199","import_id":null,"last_action":null,"bulk_created":false,"task":7844,"project":20,"updated_by":14,"parent_prediction":null,"parent_annotation":null,"last_created_by":null}],"file_upload":"82d3817b-KH_aszf.txt","drafts":[],"predictions":[],"data":{"text":"2.6 A szolgáltatás igénybevételére az Ügyfél\/Felhasználó attól a naptól kezdve jogosult, amely napon a szolgáltatás igénybevételéhez szükséges e-bank azonosító kártyát, valamint a PIN kódot átvette, illetőleg e-azonosító szám igénylése esetén az e-azonosító számról és a hozzá kapcsolódó induló sms aktivizáló kódról az igénylés és a Bank által kibocsátott tájékoztató levél egy példányának átvételekor értesült."},"meta":{},"created_at":"2025-10-16T13:00:32.198127Z","updated_at":"2025-10-16T13:10:35.739248Z","inner_id":24,"total_annotations":1,"cancelled_annotations":0,"total_predictions":0,"comment_count":0,"unresolved_comment_count":0,"last_comment_updated_at":null,"project":20,"updated_by":14,"comment_authors":[]},{"id":7845,"annotations":[{"id":100,"completed_by":14,"result":[{"value":{"choices":["1-Nagyon nehezen érthető"]},"id":"-W9CnQT-xj","from_name":"sentiment","to_name":"text","type":"choices","origin":"manual"}],"was_cancelled":false,"ground_truth":false,"created_at":"2025-10-16T13:10:52.487265Z","updated_at":"2025-10-16T13:10:52.487277Z","draft_created_at":null,"lead_time":15.716,"prediction":{},"result_count":1,"unique_id":"e98faa8a-0d23-4dfc-9555-5cd24ef642b1","import_id":null,"last_action":null,"bulk_created":false,"task":7845,"project":20,"updated_by":14,"parent_prediction":null,"parent_annotation":null,"last_created_by":null}],"file_upload":"82d3817b-KH_aszf.txt","drafts":[],"predictions":[],"data":{"text":"2.7 A Bank az e-bank azonosító kártya, az e-azonosító szám valamint a szolgáltatás igénybevételéhez szükséges chipkártya-olvasó átvételéről és módjáról értesíti az Ügyfelet\/Felhasználót. Amennyiben az Ügyfél a Bank mindenkori értesítése alapján nem veszi át az elkészített e-bank azonosító kártyát, illetve az e-azonosító számot, a Bank az ebből származó károkért (különösen az e-bank azonosító kártya, illetve e-azonosító szám használati idejének rövidülése) felelősséget nem vállal. A Bank az át nem vett e-bank azonosító kártya, illetve e-azonosító szám vonatkozásában is érvényesíti az e-bank azonosító kártya, illetve e-azonosító szám Hirdetményben meghatározott díját."},"meta":{},"created_at":"2025-10-16T13:00:32.198163Z","updated_at":"2025-10-16T13:10:52.511286Z","inner_id":25,"total_annotations":1,"cancelled_annotations":0,"total_predictions":0,"comment_count":0,"unresolved_comment_count":0,"last_comment_updated_at":null,"project":20,"updated_by":14,"comment_authors":[]},{"id":7846,"annotations":[{"id":102,"completed_by":14,"result":[{"value":{"choices":["2-Nehezen érthető"]},"id":"87vvMIvNgA","from_name":"sentiment","to_name":"text","type":"choices","origin":"manual"}],"was_cancelled":false,"ground_truth":false,"created_at":"2025-10-16T13:11:16.572353Z","updated_at":"2025-10-16T13:11:16.572364Z","draft_created_at":"2025-10-16T13:11:11.491686Z","lead_time":19.67,"prediction":{},"result_count":1,"unique_id":"38066954-ae3d-4594-a5ed-63fb2924ca8b","import_id":null,"last_action":null,"bulk_created":false,"task":7846,"project":20,"updated_by":14,"parent_prediction":null,"parent_annotation":null,"last_created_by":null}],"file_upload":"82d3817b-KH_aszf.txt","drafts":[],"predictions":[],"data":{"text":"2.8 Az Ügyfél\/Felhasználó az ÁSZF-nek megfelelően igénybe vett szolgáltatás esetén a beazonosítást követően adott utasításokat sajátjaként ismeri el, azokért teljes felelősséget vállal."},"meta":{},"created_at":"2025-10-16T13:00:32.198210Z","updated_at":"2025-10-16T13:11:16.598456Z","inner_id":26,"total_annotations":1,"cancelled_annotations":0,"total_predictions":0,"comment_count":0,"unresolved_comment_count":0,"last_comment_updated_at":null,"project":20,"updated_by":14,"comment_authors":[]},{"id":7847,"annotations":[{"id":103,"completed_by":14,"result":[{"value":{"choices":["4-Érthető"]},"id":"AAd-sC6OD4","from_name":"sentiment","to_name":"text","type":"choices","origin":"manual"}],"was_cancelled":false,"ground_truth":false,"created_at":"2025-10-16T13:11:40.833766Z","updated_at":"2025-10-16T13:11:40.833778Z","draft_created_at":null,"lead_time":22.453,"prediction":{},"result_count":1,"unique_id":"9ba95e72-aa78-49ab-9bbe-d5a49c520b5f","import_id":null,"last_action":null,"bulk_created":false,"task":7847,"project":20,"updated_by":14,"parent_prediction":null,"parent_annotation":null,"last_created_by":null}],"file_upload":"82d3817b-KH_aszf.txt","drafts":[],"predictions":[],"data":{"text":"2.11 Az Ügyfél az általa a szolgáltatás használatára felhatalmazott Felhasználókat és hozzáférési jogainak terjedelmét az Adatlap elnevezésű nyomtatványon adja meg a Banknak."},"meta":{},"created_at":"2025-10-16T13:00:32.198247Z","updated_at":"2025-10-16T13:11:40.857734Z","inner_id":27,"total_annotations":1,"cancelled_annotations":0,"total_predictions":0,"comment_count":0,"unresolved_comment_count":0,"last_comment_updated_at":null,"project":20,"updated_by":14,"comment_authors":[]},{"id":7848,"annotations":[{"id":104,"completed_by":14,"result":[{"value":{"choices":["5-Könnyen érthető"]},"id":"Vbpf34kMX1","from_name":"sentiment","to_name":"text","type":"choices","origin":"manual"}],"was_cancelled":false,"ground_truth":false,"created_at":"2025-10-16T13:11:50.385436Z","updated_at":"2025-10-16T13:11:50.385447Z","draft_created_at":null,"lead_time":8.286,"prediction":{},"result_count":1,"unique_id":"89b9402a-5c10-4786-b125-74526bd1e0ef","import_id":null,"last_action":null,"bulk_created":false,"task":7848,"project":20,"updated_by":14,"parent_prediction":null,"parent_annotation":null,"last_created_by":null}],"file_upload":"82d3817b-KH_aszf.txt","drafts":[],"predictions":[],"data":{"text":"2.14 Tekintettel arra, hogy az Ügyfél K&H Trambulin 14+ számla esetén korlátozottan cselekvőképes kiskorú személy, a K&H Trambulin e-bank szolgáltatás érvényes igénybevételéhez szükséges, hogy az Ügyfél törvényes képviselője „hozzájáruló nyilatkozatot tegyen és készfizető kezességvállalást vállaljon."},"meta":{},"created_at":"2025-10-16T13:00:32.198283Z","updated_at":"2025-10-16T13:11:50.409924Z","inner_id":28,"total_annotations":1,"cancelled_annotations":0,"total_predictions":0,"comment_count":0,"unresolved_comment_count":0,"last_comment_updated_at":null,"project":20,"updated_by":14,"comment_authors":[]},{"id":7849,"annotations":[{"id":106,"completed_by":14,"result":[{"value":{"choices":["5-Könnyen érthető"]},"id":"9D_S6FOuw1","from_name":"sentiment","to_name":"text","type":"choices","origin":"manual"}],"was_cancelled":false,"ground_truth":false,"created_at":"2025-10-16T13:11:53.563958Z","updated_at":"2025-10-16T13:11:53.563969Z","draft_created_at":null,"lead_time":2.195,"prediction":{},"result_count":1,"unique_id":"6db7daae-04fb-43d5-9df0-be70babe8960","import_id":null,"last_action":null,"bulk_created":false,"task":7849,"project":20,"updated_by":14,"parent_prediction":null,"parent_annotation":null,"last_created_by":null}],"file_upload":"82d3817b-KH_aszf.txt","drafts":[],"predictions":[],"data":{"text":"III. Felek jogai, kötelezettségei, felelőssége, a megbízások kezelése, az azonosítás"},"meta":{},"created_at":"2025-10-16T13:00:32.198318Z","updated_at":"2025-10-16T13:11:53.588397Z","inner_id":29,"total_annotations":1,"cancelled_annotations":0,"total_predictions":0,"comment_count":0,"unresolved_comment_count":0,"last_comment_updated_at":null,"project":20,"updated_by":14,"comment_authors":[]},{"id":7850,"annotations":[{"id":108,"completed_by":14,"result":[{"value":{"choices":["1-Nagyon nehezen érthető"]},"id":"tMExIEZCr8","from_name":"sentiment","to_name":"text","type":"choices","origin":"manual"}],"was_cancelled":false,"ground_truth":false,"created_at":"2025-10-16T13:12:47.327047Z","updated_at":"2025-10-16T13:12:47.327074Z","draft_created_at":null,"lead_time":10.323,"prediction":{},"result_count":1,"unique_id":"9a7ca17e-649d-4f37-abb1-08820d3d9868","import_id":null,"last_action":null,"bulk_created":false,"task":7850,"project":20,"updated_by":14,"parent_prediction":null,"parent_annotation":null,"last_created_by":null}],"file_upload":"82d3817b-KH_aszf.txt","drafts":[],"predictions":[],"data":{"text":"3.1 A Bank biztosítja az Ügyfél\/Felhasználó részére – igényének megfelelően – a Bank tulajdonát képező, a szolgáltatás igénybevételéhez szükséges eszközöket: az e-bank azonosító kártyát és az Olvasót, valamint az ezek használatát bemutató telepítési útmutatót. A szolgáltatás igénybevételét segítő felhasználói kézikönyv lakossági e-bank szolgáltatás esetén a https:\/\/ebank.khb.hu\/lakossag, trambulin e-bank szolgáltatás esetén a https:\/\/ebank.khb.hu\/trambulin, míg vállalkozói e-bank szolgáltatás esetén a https:\/\/ebank.khb.hu\/vallalat oldalon tölthető le. Az olvasó a Bank tulajdonát képezi, az Ügyfél\/Felhasználó, mint birtokos azt csak használatba kapja."},"meta":{},"created_at":"2025-10-16T13:00:32.198354Z","updated_at":"2025-10-16T13:12:47.351066Z","inner_id":30,"total_annotations":1,"cancelled_annotations":0,"total_predictions":0,"comment_count":0,"unresolved_comment_count":0,"last_comment_updated_at":null,"project":20,"updated_by":14,"comment_authors":[]},{"id":7851,"annotations":[{"id":110,"completed_by":14,"result":[{"value":{"choices":["2-Nehezen érthető"]},"id":"wrQmHPkf-h","from_name":"sentiment","to_name":"text","type":"choices","origin":"manual"}],"was_cancelled":false,"ground_truth":false,"created_at":"2025-10-16T13:13:05.533569Z","updated_at":"2025-10-16T13:13:07.885374Z","draft_created_at":null,"lead_time":19.243000000000002,"prediction":{},"result_count":1,"unique_id":"13ae1196-15ec-491d-b895-c53bc74bd073","import_id":null,"last_action":null,"bulk_created":false,"task":7851,"project":20,"updated_by":14,"parent_prediction":null,"parent_annotation":null,"last_created_by":null}],"file_upload":"82d3817b-KH_aszf.txt","drafts":[],"predictions":[],"data":{"text":"3.2 Az Ügyfél köteles a Bank által rendelkezésére bocsátott olvasót és e-bank azonosító kártyát rendeltetésének megfelelően használni, annak állagát, épségét megőrizni. Az Ügyfél köteles az olvasóban bekövetkezett károkat a Banknak, a Hirdetmény szerint megtéríteni. Az olvasó és az e-bank azonosító kártya használata során az Ügyfél köteles a Bank által a rendelkezésére bocsátott telepítési útmutató szerint eljárni, az abban meghatározott előírásokat betartani."},"meta":{},"created_at":"2025-10-16T13:00:32.198393Z","updated_at":"2025-10-16T13:13:07.923344Z","inner_id":31,"total_annotations":1,"cancelled_annotations":0,"total_predictions":0,"comment_count":0,"unresolved_comment_count":0,"last_comment_updated_at":null,"project":20,"updated_by":14,"comment_authors":[]},{"id":7852,"annotations":[{"id":111,"completed_by":14,"result":[{"value":{"choices":["4-Érthető"]},"id":"VchCrBSsqd","from_name":"sentiment","to_name":"text","type":"choices","origin":"manual"}],"was_cancelled":false,"ground_truth":false,"created_at":"2025-10-16T13:13:24.272033Z","updated_at":"2025-10-16T13:13:24.272044Z","draft_created_at":"2025-10-16T13:13:17.980595Z","lead_time":15.406,"prediction":{},"result_count":1,"unique_id":"d8211576-fcbf-4985-9142-d9f9e75aad0b","import_id":null,"last_action":null,"bulk_created":false,"task":7852,"project":20,"updated_by":14,"parent_prediction":null,"parent_annotation":null,"last_created_by":null}],"file_upload":"82d3817b-KH_aszf.txt","drafts":[],"predictions":[],"data":{"text":"3.3 A Bank fenntartja a jogát arra, hogy az olvasó használata vonatkozásában további előírásokat határozzon meg."},"meta":{},"created_at":"2025-10-16T13:00:32.198432Z","updated_at":"2025-10-16T13:13:24.297078Z","inner_id":32,"total_annotations":1,"cancelled_annotations":0,"total_predictions":0,"comment_count":0,"unresolved_comment_count":0,"last_comment_updated_at":null,"project":20,"updated_by":14,"comment_authors":[]},{"id":7853,"annotations":[{"id":112,"completed_by":14,"result":[{"value":{"choices":["5-Könnyen érthető"]},"id":"p0lCpNL4Uc","from_name":"sentiment","to_name":"text","type":"choices","origin":"manual"}],"was_cancelled":false,"ground_truth":false,"created_at":"2025-10-16T13:13:37.893649Z","updated_at":"2025-10-16T13:13:37.893661Z","draft_created_at":null,"lead_time":12.671,"prediction":{},"result_count":1,"unique_id":"d7340c24-aaf2-466a-b545-5a6f60b1f3ba","import_id":null,"last_action":null,"bulk_created":false,"task":7853,"project":20,"updated_by":14,"parent_prediction":null,"parent_annotation":null,"last_created_by":null}],"file_upload":"82d3817b-KH_aszf.txt","drafts":[],"predictions":[],"data":{"text":"3.4 Az Ügyfél köteles haladéktalanul értesíteni a Bankot az olvasó megrongálódásáról, meghibásodásáról, elvesztéséről, ellopásáról, illetve minden egyéb az olvasót érintő eseményről. Meghibásodás esetén az Ügyfél kérésére a Bank gondoskodik az olvasó cseréjéről."},"meta":{},"created_at":"2025-10-16T13:00:32.198468Z","updated_at":"2025-10-16T13:13:37.921459Z","inner_id":33,"total_annotations":1,"cancelled_annotations":0,"total_predictions":0,"comment_count":0,"unresolved_comment_count":0,"last_comment_updated_at":null,"project":20,"updated_by":14,"comment_authors":[]},{"id":7854,"annotations":[{"id":147,"completed_by":14,"result":[{"value":{"choices":["3-Többé\/kevésbé megértem"]},"id":"XiERkl_0D5","from_name":"sentiment","to_name":"text","type":"choices","origin":"manual"}],"was_cancelled":false,"ground_truth":false,"created_at":"2025-10-16T13:23:29.201743Z","updated_at":"2025-10-16T13:23:29.201755Z","draft_created_at":"2025-10-16T13:23:24.343200Z","lead_time":25.427,"prediction":{},"result_count":1,"unique_id":"4be25f44-ccb2-4d8c-9511-27e59949d862","import_id":null,"last_action":null,"bulk_created":false,"task":7854,"project":20,"updated_by":14,"parent_prediction":null,"parent_annotation":null,"last_created_by":null}],"file_upload":"82d3817b-KH_aszf.txt","drafts":[],"predictions":[],"data":{"text":"3.5 A Bank az e-bank azonosító kártyához PIN kódot mellékel, amelyet az Ügyfél zárt borítékban kap kézhez. A Bank az e-bank azonosító kártyát, a PIN borítékot kizárólag az Ügyfél illetve vállalkozói e- bank esetében a Felhasználó részére adja át, az átadáskor meghatalmazást nem fogad el. A PIN boríték sértetlenségét az e-bank azonosító kártya átvételekor az átvételi elismervényen az Ügyfél\/Felhasználó igazolja. Amennyiben az Ügyfél csak e-azonosító számot igényel, az e-azonosító számot és a hozzá kapcsolódó sms aktivizáló kódot a Bank tájékoztató levélben határozza meg, amelyet a Bank kizárólag személyesen az Ügyfél részére adhat át. A tájékoztató levél egy példányának átvételét az Ügyfél aláírásával igazolja."},"meta":{},"created_at":"2025-10-16T13:00:32.198506Z","updated_at":"2025-10-16T13:23:29.226139Z","inner_id":34,"total_annotations":1,"cancelled_annotations":0,"total_predictions":0,"comment_count":0,"unresolved_comment_count":0,"last_comment_updated_at":null,"project":20,"updated_by":14,"comment_authors":[]},{"id":7855,"annotations":[{"id":152,"completed_by":14,"result":[{"value":{"choices":["3-Többé\/kevésbé megértem"]},"id":"pmSL7EUxAR","from_name":"sentiment","to_name":"text","type":"choices","origin":"manual"}],"was_cancelled":false,"ground_truth":false,"created_at":"2025-10-16T13:23:56.449947Z","updated_at":"2025-10-16T13:23:56.449959Z","draft_created_at":"2025-10-16T13:23:55.568223Z","lead_time":26.087,"prediction":{},"result_count":1,"unique_id":"ff324459-2fea-4974-8c38-f0e281715521","import_id":null,"last_action":null,"bulk_created":false,"task":7855,"project":20,"updated_by":14,"parent_prediction":null,"parent_annotation":null,"last_created_by":null}],"file_upload":"82d3817b-KH_aszf.txt","drafts":[],"predictions":[],"data":{"text":"3.6 A Bank a szolgáltatással kapcsolatos problémák, ill. az egyes műveletekkel kapcsolatos észrevételek fogadására és kezelésére telefonos ügyfélszolgálatot tart fenn, melyet az ügyfelek a Hirdetményben meghatározott telefonszámon és ügyfélszolgálati időben érhetnek el."},"meta":{},"created_at":"2025-10-16T13:00:32.198542Z","updated_at":"2025-10-16T13:23:56.473922Z","inner_id":35,"total_annotations":1,"cancelled_annotations":0,"total_predictions":0,"comment_count":0,"unresolved_comment_count":0,"last_comment_updated_at":null,"project":20,"updated_by":14,"comment_authors":[]},{"id":7856,"annotations":[{"id":157,"completed_by":14,"result":[{"value":{"choices":["1-Nagyon nehezen érthető"]},"id":"01Ta3dNY7u","from_name":"sentiment","to_name":"text","type":"choices","origin":"manual"}],"was_cancelled":false,"ground_truth":false,"created_at":"2025-10-16T13:24:32.510456Z","updated_at":"2025-10-16T13:24:32.510468Z","draft_created_at":"2025-10-16T13:24:30.110768Z","lead_time":34.906,"prediction":{},"result_count":1,"unique_id":"c73b91c1-4087-4371-92d8-88a754af8d35","import_id":null,"last_action":null,"bulk_created":false,"task":7856,"project":20,"updated_by":14,"parent_prediction":null,"parent_annotation":null,"last_created_by":null}],"file_upload":"82d3817b-KH_aszf.txt","drafts":[],"predictions":[],"data":{"text":"3.7 Ha az Ügyfél elektronikus banki műveletet hajt végre, a megbízás vagy értesítés Bankhoz történő érkezési időpontjának a Bank számítógépes rendszere által megállapított és rögzített időpont tekintendő."},"meta":{},"created_at":"2025-10-16T13:00:32.198578Z","updated_at":"2025-10-16T13:24:32.539062Z","inner_id":36,"total_annotations":1,"cancelled_annotations":0,"total_predictions":0,"comment_count":0,"unresolved_comment_count":0,"last_comment_updated_at":null,"project":20,"updated_by":14,"comment_authors":[]},{"id":7857,"annotations":[{"id":113,"completed_by":14,"result":[{"value":{"choices":["4-Érthető"]},"id":"5X3cC4W-sN","from_name":"sentiment","to_name":"text","type":"choices","origin":"manual"}],"was_cancelled":false,"ground_truth":false,"created_at":"2025-10-16T13:13:48.851393Z","updated_at":"2025-10-16T13:13:48.851404Z","draft_created_at":null,"lead_time":8.6,"prediction":{},"result_count":1,"unique_id":"54bd9b39-4fb7-48db-bf23-699d1821896e","import_id":null,"last_action":null,"bulk_created":false,"task":7857,"project":20,"updated_by":14,"parent_prediction":null,"parent_annotation":null,"last_created_by":null}],"file_upload":"82d3817b-KH_aszf.txt","drafts":[],"predictions":[],"data":{"text":"3.8 A Bank a szolgáltatás igénybevételével végrehajtott tranzakciók teljesítéséről e-bank szolgáltatás esetén, a bankszámla kivonaton értesíti az Ügyfelet."},"meta":{},"created_at":"2025-10-16T13:00:32.198614Z","updated_at":"2025-10-16T13:13:48.878098Z","inner_id":37,"total_annotations":1,"cancelled_annotations":0,"total_predictions":0,"comment_count":0,"unresolved_comment_count":0,"last_comment_updated_at":null,"project":20,"updated_by":14,"comment_authors":[]},{"id":7858,"annotations":[{"id":116,"completed_by":14,"result":[{"value":{"choices":["4-Érthető"]},"id":"dXKaHQm4wg","from_name":"sentiment","to_name":"text","type":"choices","origin":"manual"}],"was_cancelled":false,"ground_truth":false,"created_at":"2025-10-16T13:14:12.408102Z","updated_at":"2025-10-16T13:14:12.408113Z","draft_created_at":null,"lead_time":22.792,"prediction":{},"result_count":1,"unique_id":"8652454a-b6a0-4f9b-addc-d17c0e97da24","import_id":null,"last_action":null,"bulk_created":false,"task":7858,"project":20,"updated_by":14,"parent_prediction":null,"parent_annotation":null,"last_created_by":null}],"file_upload":"82d3817b-KH_aszf.txt","drafts":[],"predictions":[],"data":{"text":"3.9 A Bank a szolgáltatások igénybevétele útján felvett megbízásokat, az írásbeli megbízásokkal azonos tartalmi követelményekkel fogadja be és kezeli. A hatályos jogszabályi rendelkezéseknek nem megfelelő, hiányos, hibás vagy egyébként nem megfelelő adatokat tartalmazó megbízások teljesítését a Bank jogosult megtagadni."},"meta":{},"created_at":"2025-10-16T13:00:32.198651Z","updated_at":"2025-10-16T13:14:12.433765Z","inner_id":38,"total_annotations":1,"cancelled_annotations":0,"total_predictions":0,"comment_count":0,"unresolved_comment_count":0,"last_comment_updated_at":null,"project":20,"updated_by":14,"comment_authors":[]},{"id":7859,"annotations":[{"id":117,"completed_by":14,"result":[{"value":{"choices":["5-Könnyen érthető"]},"id":"Tn3fVHE5-2","from_name":"sentiment","to_name":"text","type":"choices","origin":"manual"}],"was_cancelled":false,"ground_truth":false,"created_at":"2025-10-16T13:14:25.629158Z","updated_at":"2025-10-16T13:14:25.629169Z","draft_created_at":null,"lead_time":12.118,"prediction":{},"result_count":1,"unique_id":"82d621bc-a039-47fd-bbaa-2cb4b24876ad","import_id":null,"last_action":null,"bulk_created":false,"task":7859,"project":20,"updated_by":14,"parent_prediction":null,"parent_annotation":null,"last_created_by":null}],"file_upload":"82d3817b-KH_aszf.txt","drafts":[],"predictions":[],"data":{"text":"3.10 A Bank nem vállal felelősséget a szolgáltatások nyújtása során felmerült technikai hibákért, illetve a tranzakciók ebből eredő sikertelenségéért."},"meta":{},"created_at":"2025-10-16T13:00:32.198686Z","updated_at":"2025-10-16T13:14:25.658870Z","inner_id":39,"total_annotations":1,"cancelled_annotations":0,"total_predictions":0,"comment_count":0,"unresolved_comment_count":0,"last_comment_updated_at":null,"project":20,"updated_by":14,"comment_authors":[]},{"id":7860,"annotations":[{"id":118,"completed_by":14,"result":[{"value":{"choices":["5-Könnyen érthető"]},"id":"1-2oKepIn1","from_name":"sentiment","to_name":"text","type":"choices","origin":"manual"}],"was_cancelled":false,"ground_truth":false,"created_at":"2025-10-16T13:14:36.451944Z","updated_at":"2025-10-16T13:14:36.451956Z","draft_created_at":null,"lead_time":9.448,"prediction":{},"result_count":1,"unique_id":"6cc49956-c42f-459c-96ab-ade06bfb2295","import_id":null,"last_action":null,"bulk_created":false,"task":7860,"project":20,"updated_by":14,"parent_prediction":null,"parent_annotation":null,"last_created_by":null}],"file_upload":"82d3817b-KH_aszf.txt","drafts":[],"predictions":[],"data":{"text":"3.11 Azon megbízások teljesítését, melyek rögzítése közben valamely technikai probléma merül fel, és ezáltal a megbízás megerősítése és\/vagy végrehajtásának visszaigazolása elmarad, a Bank jogosult megtagadni."},"meta":{},"created_at":"2025-10-16T13:00:32.198721Z","updated_at":"2025-10-16T13:14:36.481161Z","inner_id":40,"total_annotations":1,"cancelled_annotations":0,"total_predictions":0,"comment_count":0,"unresolved_comment_count":0,"last_comment_updated_at":null,"project":20,"updated_by":14,"comment_authors":[]},{"id":7861,"annotations":[{"id":120,"completed_by":14,"result":[{"value":{"choices":["5-Könnyen érthető"]},"id":"0WTCzYXaY_","from_name":"sentiment","to_name":"text","type":"choices","origin":"manual"}],"was_cancelled":false,"ground_truth":false,"created_at":"2025-10-16T13:14:45.987033Z","updated_at":"2025-10-16T13:14:45.987045Z","draft_created_at":null,"lead_time":8.237,"prediction":{},"result_count":1,"unique_id":"755e9e63-c338-477a-8065-a180448c9b56","import_id":null,"last_action":null,"bulk_created":false,"task":7861,"project":20,"updated_by":14,"parent_prediction":null,"parent_annotation":null,"last_created_by":null}],"file_upload":"82d3817b-KH_aszf.txt","drafts":[],"predictions":[],"data":{"text":"3.12 Amennyiben az Ügyfél az e-bank azonosító kártyát, az e-azonosító számot, a PIN kódot, illetve az sms aktivizáló kódot, valamint az egyszer használatos jelszót nem titkosan, nem megfelelő gondossággal kezeli, vagy más használatába adja, illetve más tudomására hozza, az ebből eredő károk az Ügyfelet terhelik, ezekért a Bank felelősséget nem vállal."},"meta":{},"created_at":"2025-10-16T13:00:32.198756Z","updated_at":"2025-10-16T13:14:46.016569Z","inner_id":41,"total_annotations":1,"cancelled_annotations":0,"total_predictions":0,"comment_count":0,"unresolved_comment_count":0,"last_comment_updated_at":null,"project":20,"updated_by":14,"comment_authors":[]},{"id":7862,"annotations":[{"id":123,"completed_by":14,"result":[{"value":{"choices":["4-Érthető"]},"id":"EJfet3Rdyr","from_name":"sentiment","to_name":"text","type":"choices","origin":"manual"}],"was_cancelled":false,"ground_truth":false,"created_at":"2025-10-16T13:15:07.152475Z","updated_at":"2025-10-16T13:15:07.152486Z","draft_created_at":null,"lead_time":20.317,"prediction":{},"result_count":1,"unique_id":"b67cfd95-ec13-4abd-be97-35eae970a00d","import_id":null,"last_action":null,"bulk_created":false,"task":7862,"project":20,"updated_by":14,"parent_prediction":null,"parent_annotation":null,"last_created_by":null}],"file_upload":"82d3817b-KH_aszf.txt","drafts":[],"predictions":[],"data":{"text":"3.13 A szolgáltatás igénybevételével történő rendelkezésekhez a jogosultság igazolása az e-bank azonosító kártya, és a PIN kód, illetve az e-azonosító szám és az egyszer használatos jelszó együttes használatával történik. A Bank nem vizsgálja az e-bank azonosító kártya, és a PIN kód, illetve az e- azonosító szám és az egyszer használatos jelszó használójának a használatra vonatkozó jogosultságát, illetve a használat körülményeit. Az illetéktelen használatból eredő károkért a Bank nem tartozik felelősséggel."},"meta":{},"created_at":"2025-10-16T13:00:32.198792Z","updated_at":"2025-10-16T13:15:07.177474Z","inner_id":42,"total_annotations":1,"cancelled_annotations":0,"total_predictions":0,"comment_count":0,"unresolved_comment_count":0,"last_comment_updated_at":null,"project":20,"updated_by":14,"comment_authors":[]},{"id":7863,"annotations":[{"id":124,"completed_by":14,"result":[{"value":{"choices":["1-Nagyon nehezen érthető"]},"id":"66AiOVjai5","from_name":"sentiment","to_name":"text","type":"choices","origin":"manual"}],"was_cancelled":false,"ground_truth":false,"created_at":"2025-10-16T13:15:18.313733Z","updated_at":"2025-10-16T13:15:18.313744Z","draft_created_at":null,"lead_time":10.022,"prediction":{},"result_count":1,"unique_id":"1d79908d-27db-4f3e-b0b3-e4383ebcb12a","import_id":null,"last_action":null,"bulk_created":false,"task":7863,"project":20,"updated_by":14,"parent_prediction":null,"parent_annotation":null,"last_created_by":null}],"file_upload":"82d3817b-KH_aszf.txt","drafts":[],"predictions":[],"data":{"text":"3.14 Az Ügyfél köteles az általa adott megbízások szükséges fedezetének a teljesítés időpontjában történő rendelkezésre állásáról gondoskodni, ideértve a megbízások teljesítése esetére felszámítandó azon mindenkori díjak, költségek összegét is, melyek a megbízás teljesítésével egyidejűleg esedékesek. Amennyiben a megbízások költségeinek fedezetére az ügyfél számlája nem szolgál megfelelő fedezetül, a Bank jogosult a megbízás teljesítését visszautasítani."},"meta":{},"created_at":"2025-10-16T13:00:32.198829Z","updated_at":"2025-10-16T13:15:18.341025Z","inner_id":43,"total_annotations":1,"cancelled_annotations":0,"total_predictions":0,"comment_count":0,"unresolved_comment_count":0,"last_comment_updated_at":null,"project":20,"updated_by":14,"comment_authors":[]},{"id":7864,"annotations":[{"id":126,"completed_by":14,"result":[{"value":{"choices":["2-Nehezen érthető"]},"id":"XNcAP4nnda","from_name":"sentiment","to_name":"text","type":"choices","origin":"manual"}],"was_cancelled":false,"ground_truth":false,"created_at":"2025-10-16T13:15:49.053608Z","updated_at":"2025-10-16T13:15:49.053619Z","draft_created_at":null,"lead_time":29.756,"prediction":{},"result_count":1,"unique_id":"c977ed5a-05d1-474e-85e7-f3bb9e260a1e","import_id":null,"last_action":null,"bulk_created":false,"task":7864,"project":20,"updated_by":14,"parent_prediction":null,"parent_annotation":null,"last_created_by":null}],"file_upload":"82d3817b-KH_aszf.txt","drafts":[],"predictions":[],"data":{"text":"3.15 A Bank a szolgáltatások igénybevétele útján felvett megbízásokat a megbízások befogadásának és teljesítésének rendjéről szóló Hirdetményében meghatározott határidőn belül teljesíti."},"meta":{},"created_at":"2025-10-16T13:00:32.198864Z","updated_at":"2025-10-16T13:15:49.082128Z","inner_id":44,"total_annotations":1,"cancelled_annotations":0,"total_predictions":0,"comment_count":0,"unresolved_comment_count":0,"last_comment_updated_at":null,"project":20,"updated_by":14,"comment_authors":[]},{"id":7865,"annotations":[{"id":128,"completed_by":14,"result":[{"value":{"choices":["3-Többé\/kevésbé megértem"]},"id":"JhyTlfnsfV","from_name":"sentiment","to_name":"text","type":"choices","origin":"manual"}],"was_cancelled":false,"ground_truth":false,"created_at":"2025-10-16T13:16:28.929848Z","updated_at":"2025-10-16T13:16:28.929859Z","draft_created_at":null,"lead_time":38.807,"prediction":{},"result_count":1,"unique_id":"87fb75d5-a056-4cd3-9db9-7982d3f6367b","import_id":null,"last_action":null,"bulk_created":false,"task":7865,"project":20,"updated_by":14,"parent_prediction":null,"parent_annotation":null,"last_created_by":null}],"file_upload":"82d3817b-KH_aszf.txt","drafts":[],"predictions":[],"data":{"text":"3.16 A Bank a szolgáltatások igénybevétele útján megadott megbízást és azok teljesítését számítástechnikai rendszere útján rögzíti. Az Ügyfél\/Felhasználó elfogadja a Bank rendszerében rögzített adatok valódiságát, esetleges jogvita esetén bizonyítékként ismeri el azokat, mind a megbízás megadására, mind annak teljesítésére vonatkozóan."},"meta":{},"created_at":"2025-10-16T13:00:32.198900Z","updated_at":"2025-10-16T13:16:28.955235Z","inner_id":45,"total_annotations":1,"cancelled_annotations":0,"total_predictions":0,"comment_count":0,"unresolved_comment_count":0,"last_comment_updated_at":null,"project":20,"updated_by":14,"comment_authors":[]},{"id":7866,"annotations":[{"id":133,"completed_by":14,"result":[{"value":{"choices":["4-Érthető"]},"id":"-XuOI9nB9z","from_name":"sentiment","to_name":"text","type":"choices","origin":"manual"}],"was_cancelled":false,"ground_truth":false,"created_at":"2025-10-16T13:18:20.957529Z","updated_at":"2025-10-16T13:18:20.957540Z","draft_created_at":null,"lead_time":110.615,"prediction":{},"result_count":1,"unique_id":"750fd7db-ea68-4968-a343-a45375304dbb","import_id":null,"last_action":null,"bulk_created":false,"task":7866,"project":20,"updated_by":14,"parent_prediction":null,"parent_annotation":null,"last_created_by":null}],"file_upload":"82d3817b-KH_aszf.txt","drafts":[],"predictions":[],"data":{"text":"3.17 A Bank minden elvárhatót megtesz annak érdekében, hogy az Ügyfél adatai – elektronikus úton történő adattovábbítás esetén - illetéktelen személyek részére ne lehessenek hozzáférhetőek. Az Ügyfél tudomásul veszi, hogy amennyiben valamely adat a Bank elvárható gondossága ellenére harmadik személy részére hozzáférhetővé válik, az ebből eredő kárért a Bankkal szemben igényt nem támaszt."},"meta":{},"created_at":"2025-10-16T13:00:32.198936Z","updated_at":"2025-10-16T13:18:20.981687Z","inner_id":46,"total_annotations":1,"cancelled_annotations":0,"total_predictions":0,"comment_count":0,"unresolved_comment_count":0,"last_comment_updated_at":null,"project":20,"updated_by":14,"comment_authors":[]},{"id":7867,"annotations":[{"id":162,"completed_by":14,"result":[{"value":{"choices":["4-Érthető"]},"id":"ZgcCA_89Wn","from_name":"sentiment","to_name":"text","type":"choices","origin":"manual"}],"was_cancelled":false,"ground_truth":false,"created_at":"2025-10-16T13:25:00.898047Z","updated_at":"2025-10-16T13:25:00.898059Z","draft_created_at":null,"lead_time":25.392,"prediction":{},"result_count":1,"unique_id":"25360dd1-6f19-4a97-90a9-7dbb1aebe512","import_id":null,"last_action":null,"bulk_created":false,"task":7867,"project":20,"updated_by":14,"parent_prediction":null,"parent_annotation":null,"last_created_by":null}],"file_upload":"82d3817b-KH_aszf.txt","drafts":[],"predictions":[],"data":{"text":"3.18 Az Ügyfél haladéktalanul köteles bejelenteni a Banknak, ha azt észleli, hogy a számlakivonaton jogosulatlan műveletet tűntettek fel. A reklamáció a Bankkal szembeni kötelezettségekre nem jelent halasztási lehetőséget. A bejelentést az Ügyfél írásban, a Bank bármely fiókjában megteheti."},"meta":{},"created_at":"2025-10-16T13:00:32.198972Z","updated_at":"2025-10-16T13:25:00.926728Z","inner_id":47,"total_annotations":1,"cancelled_annotations":0,"total_predictions":0,"comment_count":0,"unresolved_comment_count":0,"last_comment_updated_at":null,"project":20,"updated_by":14,"comment_authors":[]},{"id":7868,"annotations":[{"id":167,"completed_by":14,"result":[{"value":{"choices":["2-Nehezen érthető"]},"id":"4SgbeuUyX0","from_name":"sentiment","to_name":"text","type":"choices","origin":"manual"}],"was_cancelled":false,"ground_truth":false,"created_at":"2025-10-16T13:25:23.356416Z","updated_at":"2025-10-16T13:25:28.129477Z","draft_created_at":"2025-10-16T13:25:18.269576Z","lead_time":25.665,"prediction":{},"result_count":1,"unique_id":"557c0f22-1f42-4eef-8538-463d9abcd478","import_id":null,"last_action":null,"bulk_created":false,"task":7868,"project":20,"updated_by":14,"parent_prediction":null,"parent_annotation":null,"last_created_by":null}],"file_upload":"82d3817b-KH_aszf.txt","drafts":[],"predictions":[],"data":{"text":"3.19 A Bank nem felel azokért az eseményekért, nem teljesítésekért, amelyek abból adódnak, hogy Ügyfél nem vagy nem megfelelően alkalmazza az e-bank azonosító kártyát, az e-azonosító számot, illetve az olvasót, vagy nem a rendeltetésszerű használatukhoz szükséges környezetben alkalmazza azokat. Rendeltetésszerű használathoz szükséges környezeten az ÁSZF-ben meghatározott paraméterű eszközöket, a Bank által rendelkezésre bocsátott telepítő program komponenseit valamint az ezek állandó használatára alkalmas mindenkori technikai környezetet kell érteni."},"meta":{},"created_at":"2025-10-16T13:00:32.199007Z","updated_at":"2025-10-16T13:25:28.167033Z","inner_id":48,"total_annotations":1,"cancelled_annotations":0,"total_predictions":0,"comment_count":0,"unresolved_comment_count":0,"last_comment_updated_at":null,"project":20,"updated_by":14,"comment_authors":[]},{"id":7869,"annotations":[{"id":173,"completed_by":14,"result":[{"value":{"choices":["2-Nehezen érthető"]},"id":"cy3vGTIff2","from_name":"sentiment","to_name":"text","type":"choices","origin":"manual"}],"was_cancelled":false,"ground_truth":false,"created_at":"2025-10-16T13:25:43.806201Z","updated_at":"2025-10-16T13:25:43.806213Z","draft_created_at":null,"lead_time":14.893,"prediction":{},"result_count":1,"unique_id":"3c84562c-a18f-427d-ab32-d14c3eef42ca","import_id":null,"last_action":null,"bulk_created":false,"task":7869,"project":20,"updated_by":14,"parent_prediction":null,"parent_annotation":null,"last_created_by":null}],"file_upload":"82d3817b-KH_aszf.txt","drafts":[],"predictions":[],"data":{"text":"3.20 A Bank kizárja felelősségi köréből azokat a káreseményeket is, amelyek abból erednek, hogy az Ügyfél nem az előírt módon kezeli, tárolja, használja az e-bank azonosító kártyát, az e-azonosító számot, az sms aktivizáló kódot és az egyszer használatos jelszót, illetve a PIN kódot."},"meta":{},"created_at":"2025-10-16T13:00:32.199043Z","updated_at":"2025-10-16T13:25:43.869983Z","inner_id":49,"total_annotations":1,"cancelled_annotations":0,"total_predictions":0,"comment_count":0,"unresolved_comment_count":0,"last_comment_updated_at":null,"project":20,"updated_by":14,"comment_authors":[]},{"id":7870,"annotations":[{"id":178,"completed_by":14,"result":[{"value":{"choices":["5-Könnyen érthető"]},"id":"5haBSPW2iJ","from_name":"sentiment","to_name":"text","type":"choices","origin":"manual"}],"was_cancelled":false,"ground_truth":false,"created_at":"2025-10-16T13:26:00.560955Z","updated_at":"2025-10-16T13:26:00.560967Z","draft_created_at":null,"lead_time":15.673,"prediction":{},"result_count":1,"unique_id":"51ae050f-314e-469c-ba49-b94f75e2229e","import_id":null,"last_action":null,"bulk_created":false,"task":7870,"project":20,"updated_by":14,"parent_prediction":null,"parent_annotation":null,"last_created_by":null}],"file_upload":"82d3817b-KH_aszf.txt","drafts":[],"predictions":[],"data":{"text":"3.21 A Bank fenntartja a jogot, hogy alkalomszerűen - rendszerkarbantartás miatt – rövid időre nem biztosítja a rendszer rendelkezésre állását. A Bank vállalja, hogy az előrelátható szüneteltetés időpontjáról a rendszeren keresztül tájékoztatja az Ügyfelet\/Felhasználót. A szüneteltetésből adódó esetleges károkért a Bank nem vállal felelősséget."},"meta":{},"created_at":"2025-10-16T13:00:32.199078Z","updated_at":"2025-10-16T13:26:00.588568Z","inner_id":50,"total_annotations":1,"cancelled_annotations":0,"total_predictions":0,"comment_count":0,"unresolved_comment_count":0,"last_comment_updated_at":null,"project":20,"updated_by":14,"comment_authors":[]},{"id":7871,"annotations":[{"id":180,"completed_by":14,"result":[{"value":{"choices":["5-Könnyen érthető"]},"id":"-yXN07cV3u","from_name":"sentiment","to_name":"text","type":"choices","origin":"manual"}],"was_cancelled":false,"ground_truth":false,"created_at":"2025-10-16T13:26:10.248376Z","updated_at":"2025-10-16T13:26:10.248386Z","draft_created_at":null,"lead_time":8.622,"prediction":{},"result_count":1,"unique_id":"651b74d1-bb93-428a-ae3b-341bd5ed6867","import_id":null,"last_action":null,"bulk_created":false,"task":7871,"project":20,"updated_by":14,"parent_prediction":null,"parent_annotation":null,"last_created_by":null}],"file_upload":"82d3817b-KH_aszf.txt","drafts":[],"predictions":[],"data":{"text":"3.22 A Bank az Ügyfél bármely okból benyújtott panaszának megalapozottságát saját hatáskörben vizsgálja meg és dönt a szükséges intézkedésekről. A Bank az Ügyfél panaszának elbírálásáról 15 napon belül küld értesítést."},"meta":{},"created_at":"2025-10-16T13:00:32.199114Z","updated_at":"2025-10-16T13:26:10.272124Z","inner_id":51,"total_annotations":1,"cancelled_annotations":0,"total_predictions":0,"comment_count":0,"unresolved_comment_count":0,"last_comment_updated_at":null,"project":20,"updated_by":14,"comment_authors":[]},{"id":7872,"annotations":[{"id":182,"completed_by":14,"result":[{"value":{"choices":["5-Könnyen érthető"]},"id":"ftaaVWyzWp","from_name":"sentiment","to_name":"text","type":"choices","origin":"manual"}],"was_cancelled":false,"ground_truth":false,"created_at":"2025-10-16T13:26:14.236141Z","updated_at":"2025-10-16T13:26:14.236153Z","draft_created_at":null,"lead_time":3.024,"prediction":{},"result_count":1,"unique_id":"40bbedff-15a6-4da4-9dfc-b8d45e54a907","import_id":null,"last_action":null,"bulk_created":false,"task":7872,"project":20,"updated_by":14,"parent_prediction":null,"parent_annotation":null,"last_created_by":null}],"file_upload":"82d3817b-KH_aszf.txt","drafts":[],"predictions":[],"data":{"text":"IV. Az e-bank azonosító kártya, használata, kezelése, letiltása, megújítása, a pótkártya"},"meta":{},"created_at":"2025-10-16T13:00:32.199149Z","updated_at":"2025-10-16T13:26:14.260133Z","inner_id":52,"total_annotations":1,"cancelled_annotations":0,"total_predictions":0,"comment_count":0,"unresolved_comment_count":0,"last_comment_updated_at":null,"project":20,"updated_by":14,"comment_authors":[]},{"id":7873,"annotations":[{"id":213,"completed_by":14,"result":[{"value":{"choices":["1-Nagyon nehezen érthető"]},"id":"pm6BmxhFXu","from_name":"sentiment","to_name":"text","type":"choices","origin":"manual"}],"was_cancelled":false,"ground_truth":false,"created_at":"2025-10-16T13:28:18.651766Z","updated_at":"2025-10-16T13:28:18.651781Z","draft_created_at":null,"lead_time":123.405,"prediction":{},"result_count":1,"unique_id":"b8160f36-204f-4279-9499-cb2e19d48885","import_id":null,"last_action":null,"bulk_created":false,"task":7873,"project":20,"updated_by":14,"parent_prediction":null,"parent_annotation":null,"last_created_by":null}],"file_upload":"82d3817b-KH_aszf.txt","drafts":[],"predictions":[],"data":{"text":"4.1 K&H lakossági e-bank esetében a 2003. január 1. előtt kiadott e-bank azonosító kártyák lejáratának ideje a kártyán év és hónap szerint van feltüntetve. Az ezt követő időpont után legyártott e-bank azonosítók kártyák esetében az érvényességi idő feltüntetésének módja hónap\/év. Az e-bank azonosító kártya a lejárati hónap utolsó nap 24.00 óráig érvényes. A lejárati idő az e-bank azonosító kártyán látható módon kerül feltüntetésre."},"meta":{},"created_at":"2025-10-16T13:00:32.199185Z","updated_at":"2025-10-16T13:28:18.678453Z","inner_id":53,"total_annotations":1,"cancelled_annotations":0,"total_predictions":0,"comment_count":0,"unresolved_comment_count":0,"last_comment_updated_at":null,"project":20,"updated_by":14,"comment_authors":[]},{"id":7874,"annotations":[{"id":217,"completed_by":14,"result":[{"value":{"choices":["4-Érthető"]},"id":"_KPFRgAwsn","from_name":"sentiment","to_name":"text","type":"choices","origin":"manual"}],"was_cancelled":false,"ground_truth":false,"created_at":"2025-10-16T13:28:32.862015Z","updated_at":"2025-10-16T13:28:32.862026Z","draft_created_at":"2025-10-16T13:28:32.121920Z","lead_time":12.97,"prediction":{},"result_count":1,"unique_id":"a2459e6b-1be2-42e1-846c-a3eb0982bd11","import_id":null,"last_action":null,"bulk_created":false,"task":7874,"project":20,"updated_by":14,"parent_prediction":null,"parent_annotation":null,"last_created_by":null}],"file_upload":"82d3817b-KH_aszf.txt","drafts":[],"predictions":[],"data":{"text":"4.2 Az e-bank azonosító kártyát, illetve az e-azonosító számot kizárólag az Ügyfél\/Felhasználó jogosultó használni, az át nem ruházható, illetve tilos azt biztosítékul zálogba adni, vagy óvadékként letétbe helyezni."},"meta":{},"created_at":"2025-10-16T13:00:32.199220Z","updated_at":"2025-10-16T13:28:32.891239Z","inner_id":54,"total_annotations":1,"cancelled_annotations":0,"total_predictions":0,"comment_count":0,"unresolved_comment_count":0,"last_comment_updated_at":null,"project":20,"updated_by":14,"comment_authors":[]},{"id":7875,"annotations":[{"id":230,"completed_by":14,"result":[{"value":{"choices":["3-Többé\/kevésbé megértem"]},"id":"CG2gY3mM8k","from_name":"sentiment","to_name":"text","type":"choices","origin":"manual"}],"was_cancelled":false,"ground_truth":false,"created_at":"2025-10-16T13:29:27.961034Z","updated_at":"2025-10-16T13:29:27.961045Z","draft_created_at":null,"lead_time":52.741,"prediction":{},"result_count":1,"unique_id":"dad7aa3b-11bc-483c-be0c-ec0f4abe5d6a","import_id":null,"last_action":null,"bulk_created":false,"task":7875,"project":20,"updated_by":14,"parent_prediction":null,"parent_annotation":null,"last_created_by":null}],"file_upload":"82d3817b-KH_aszf.txt","drafts":[],"predictions":[],"data":{"text":"4.3 K&H lakossági e-bank esetében a 2003. január 1. előtt kiadott e-bank azonosító kártya nyolc egymást követő sikertelen PIN kód megadást követően biztonsági okból blokkolódik. Az ezt követő időpont után legyártott e-bank azonosítók kártyák, illetve az e-azonosító szám használata esetén a blokkolás három sikertelen próbálkozást követően következik be. A blokkolást kizárólag a Bank tudja feloldani, az e-bank azonosító kártya honos bankfiókban történt leadását követően. Az e-bank azonosító kártya, illetve az e- azonosító szám blokkolás feloldásának díját a Hirdetmény tartalmazza."},"meta":{},"created_at":"2025-10-16T13:00:32.199258Z","updated_at":"2025-10-16T13:29:27.985282Z","inner_id":55,"total_annotations":1,"cancelled_annotations":0,"total_predictions":0,"comment_count":0,"unresolved_comment_count":0,"last_comment_updated_at":null,"project":20,"updated_by":14,"comment_authors":[]},{"id":7876,"annotations":[{"id":238,"completed_by":14,"result":[{"value":{"choices":["5-Könnyen érthető"]},"id":"OmBfRdQcNo","from_name":"sentiment","to_name":"text","type":"choices","origin":"manual"}],"was_cancelled":false,"ground_truth":false,"created_at":"2025-10-16T13:29:58.296671Z","updated_at":"2025-10-16T13:29:58.296682Z","draft_created_at":"2025-10-16T13:29:57.943801Z","lead_time":28.538,"prediction":{},"result_count":1,"unique_id":"f04bfc1b-0594-4cb0-86e5-0b6fd5f75a82","import_id":null,"last_action":null,"bulk_created":false,"task":7876,"project":20,"updated_by":14,"parent_prediction":null,"parent_annotation":null,"last_created_by":null}],"file_upload":"82d3817b-KH_aszf.txt","drafts":[],"predictions":[],"data":{"text":"4.4 Az Ügyfél az e-bank azonosító kártya, illetve az e-azonosító szám további használatának megakadályozása céljából, köteles haladéktalanul bejelenteni a Banknál, ha észlelte, hogy (a) az e-bank azonosító kártya, illetve az e-azonosító szám kikerült a birtokából, vagy (b) az e-bank azonosító kártya, illetve az e-azonosító szám, a PIN kód, az sms aktivizáló kód valamint az egyszer használatos jelszó, vagy más hasonló azonosító adatai jogosultatlan harmadik személy tudomására jutottak, vagy (c) a bankszámlakivonaton, illetve a számlán jogosulatlan művelet szerepel."},"meta":{},"created_at":"2025-10-16T13:00:32.199294Z","updated_at":"2025-10-16T13:29:58.322844Z","inner_id":56,"total_annotations":1,"cancelled_annotations":0,"total_predictions":0,"comment_count":0,"unresolved_comment_count":0,"last_comment_updated_at":null,"project":20,"updated_by":14,"comment_authors":[]},{"id":7877,"annotations":[{"id":242,"completed_by":14,"result":[{"value":{"choices":["5-Könnyen érthető"]},"id":"YcBY0emgxk","from_name":"sentiment","to_name":"text","type":"choices","origin":"manual"}],"was_cancelled":false,"ground_truth":false,"created_at":"2025-10-16T13:30:12.832891Z","updated_at":"2025-10-16T13:30:12.832903Z","draft_created_at":null,"lead_time":13.284,"prediction":{},"result_count":1,"unique_id":"67f0c11f-adb4-49d1-b191-3cf5f8fc1780","import_id":null,"last_action":null,"bulk_created":false,"task":7877,"project":20,"updated_by":14,"parent_prediction":null,"parent_annotation":null,"last_created_by":null}],"file_upload":"82d3817b-KH_aszf.txt","drafts":[],"predictions":[],"data":{"text":"4.5 A bejelentés megtételére az Ügyfél, letiltásra a Bank jogosult. A Bank a bejelentést elfogadja más személytől is, ha az Ügyfél az intézkedésben gátolva van, és e körülményt a bejelentő valószínűsíteni tudja. A bejelentés alkalmával a tényleges jogosultságot a Bank nem vizsgálja, az illetéktelen bejelentésből eredő károkért a Bank nem felel."},"meta":{},"created_at":"2025-10-16T13:00:32.199330Z","updated_at":"2025-10-16T13:30:12.857802Z","inner_id":57,"total_annotations":1,"cancelled_annotations":0,"total_predictions":0,"comment_count":0,"unresolved_comment_count":0,"last_comment_updated_at":null,"project":20,"updated_by":14,"comment_authors":[]},{"id":7878,"annotations":[{"id":246,"completed_by":14,"result":[{"value":{"choices":["1-Nagyon nehezen érthető"]},"id":"Ly63FT2_1d","from_name":"sentiment","to_name":"text","type":"choices","origin":"manual"}],"was_cancelled":false,"ground_truth":false,"created_at":"2025-10-16T13:30:46.286053Z","updated_at":"2025-10-16T13:30:46.286064Z","draft_created_at":null,"lead_time":32.338,"prediction":{},"result_count":1,"unique_id":"93e7b0c8-af8a-44ea-ae51-83809d2084d6","import_id":null,"last_action":null,"bulk_created":false,"task":7878,"project":20,"updated_by":14,"parent_prediction":null,"parent_annotation":null,"last_created_by":null}],"file_upload":"82d3817b-KH_aszf.txt","drafts":[],"predictions":[],"data":{"text":"4.6 A bejelentésnek tartalmaznia kell: (a) természetes személy esetén: az Ügyfél nevét, lakcímét, születési dátumát, igazolvány számát, (b) gazdálkodó és egyéb szervezetek esetén: az Ügyfél cégnevét, székhelyét, adószámát. Pontosan meg kell nevezni a bejelentés alapjául szolgáló eseményt, a bejelentő nevét, továbbá annak kijelentését, hogy a bejelentő kifejezetten kéri az e-bank azonosító kártya, illetve az e-azonosító szám letiltását. A IV.4.4 (c) pontban meghatározott esetben, amennyiben a bejelentő a bejelentéssel egyidejűleg nem kéri a letiltást, a Bank a reklamációra irányadó szabályok szerint jár el. Ha a tényeknek az általában elvárható gondossággal való megítélése alapján a IV.4.4 pontban meghatározott esetek bűncselekmény elkövetése folytán következtek be, az Ügyfél a letiltás kezdeményezésén felül, köteles haladéktalanul a hatáskörrel rendelkező illetékes hatóságnak ezt a gyanút bejelenteni."},"meta":{},"created_at":"2025-10-16T13:00:32.199367Z","updated_at":"2025-10-16T13:30:46.309934Z","inner_id":58,"total_annotations":1,"cancelled_annotations":0,"total_predictions":0,"comment_count":0,"unresolved_comment_count":0,"last_comment_updated_at":null,"project":20,"updated_by":14,"comment_authors":[]},{"id":7922,"annotations":[{"id":248,"completed_by":14,"result":[{"value":{"choices":["2-Nehezen érthető"]},"id":"brxlnMAy0P","from_name":"sentiment","to_name":"text","type":"choices","origin":"manual"}],"was_cancelled":false,"ground_truth":false,"created_at":"2025-10-16T13:31:44.190510Z","updated_at":"2025-10-16T13:31:44.190520Z","draft_created_at":null,"lead_time":16.139,"prediction":{},"result_count":1,"unique_id":"35125194-7a3b-46ac-841a-93e5befa87d2","import_id":null,"last_action":null,"bulk_created":false,"task":7922,"project":20,"updated_by":14,"parent_prediction":null,"parent_annotation":null,"last_created_by":null}],"file_upload":"e7a73105-otp_aszf.txt","drafts":[],"predictions":[],"data":{"text":"2. Ügyfélnek tekintendő az a természetes személy, jogi személy vagy jogi személyiséggel nem rendelkező szervezet, akinek az OTP Bank Nyrt. pénzügyi szolgáltatást (ideértve a kiegészítő pénzügyi szolgáltatást is) nyújt, vagy aki az OTP Bank Nyrt. befektetési szolgáltatási tevékenységét (ideértve a kiegészítő szolgáltatását is), vagy a vonatkozó jogszabályok alapján az OTP Bank Nyrt. által nyújtható egyéb szolgáltatását igénybe veszi, illetve aki ilyen szolgáltatás nyújtását kéri az OTP Bank Nyrt.-től."},"meta":{},"created_at":"2025-10-16T13:00:32.207255Z","updated_at":"2025-10-16T13:31:44.214728Z","inner_id":102,"total_annotations":1,"cancelled_annotations":0,"total_predictions":0,"comment_count":0,"unresolved_comment_count":0,"last_comment_updated_at":null,"project":20,"updated_by":14,"comment_authors":[]},{"id":7923,"annotations":[{"id":250,"completed_by":14,"result":[{"value":{"choices":["1-Nagyon nehezen érthető"]},"id":"Ma3O2WCcdc","from_name":"sentiment","to_name":"text","type":"choices","origin":"manual"}],"was_cancelled":false,"ground_truth":false,"created_at":"2025-10-16T13:32:17.434105Z","updated_at":"2025-10-16T13:32:17.434115Z","draft_created_at":null,"lead_time":31.595,"prediction":{},"result_count":1,"unique_id":"fbe9bee1-27f7-433c-99e1-6712dc5ad5c0","import_id":null,"last_action":null,"bulk_created":false,"task":7923,"project":20,"updated_by":14,"parent_prediction":null,"parent_annotation":null,"last_created_by":null}],"file_upload":"e7a73105-otp_aszf.txt","drafts":[],"predictions":[],"data":{"text":"4. Az OTP Bank Nyrt. az Üzletszabályzatban foglalt jogait és kötelezettségeit mindenkor a hatályos jogszabályok eltérést nem engedő rendelkezéseinek keretei között gyakorolja és teljesíti, az Üzletszabályzat bármely rendelkezése ennek megfelelően értelmezendő."},"meta":{},"created_at":"2025-10-16T13:00:32.207290Z","updated_at":"2025-10-16T13:32:17.457839Z","inner_id":103,"total_annotations":1,"cancelled_annotations":0,"total_predictions":0,"comment_count":0,"unresolved_comment_count":0,"last_comment_updated_at":null,"project":20,"updated_by":14,"comment_authors":[]},{"id":7924,"annotations":[{"id":252,"completed_by":14,"result":[{"value":{"choices":["4-Érthető"]},"id":"W1W08YtUwZ","from_name":"sentiment","to_name":"text","type":"choices","origin":"manual"}],"was_cancelled":false,"ground_truth":false,"created_at":"2025-10-16T13:32:37.077330Z","updated_at":"2025-10-16T13:32:37.077342Z","draft_created_at":null,"lead_time":18.502,"prediction":{},"result_count":1,"unique_id":"aa8f0063-55bd-492e-9da8-dbd0bb571221","import_id":null,"last_action":null,"bulk_created":false,"task":7924,"project":20,"updated_by":14,"parent_prediction":null,"parent_annotation":null,"last_created_by":null}],"file_upload":"e7a73105-otp_aszf.txt","drafts":[],"predictions":[],"data":{"text":"6. Amennyiben az OTP Bank Nyrt. valamely szolgáltatását megszünteti, az ezen szolgáltatásra az Ügyféllel kötött szerződést 30 napos felmondási idővel jogosult megszüntetni."},"meta":{},"created_at":"2025-10-16T13:00:32.207324Z","updated_at":"2025-10-16T13:32:37.102012Z","inner_id":104,"total_annotations":1,"cancelled_annotations":0,"total_predictions":0,"comment_count":0,"unresolved_comment_count":0,"last_comment_updated_at":null,"project":20,"updated_by":14,"comment_authors":[]},{"id":7925,"annotations":[{"id":254,"completed_by":14,"result":[{"value":{"choices":["3-Többé\/kevésbé megértem"]},"id":"3qrd2wR8VD","from_name":"sentiment","to_name":"text","type":"choices","origin":"manual"}],"was_cancelled":false,"ground_truth":false,"created_at":"2025-10-16T13:32:49.844419Z","updated_at":"2025-10-16T13:32:49.844430Z","draft_created_at":null,"lead_time":11.82,"prediction":{},"result_count":1,"unique_id":"e74d9b2e-ef4a-4906-8734-755d8348138e","import_id":null,"last_action":null,"bulk_created":false,"task":7925,"project":20,"updated_by":14,"parent_prediction":null,"parent_annotation":null,"last_created_by":null}],"file_upload":"e7a73105-otp_aszf.txt","drafts":[],"predictions":[],"data":{"text":"1. Az OTP Bank Nyrt. jogosult meggyőződni az Ügyfél, illetőleg képviselője személyazonosságáról. E célból kérheti, hogy az Ügyfél vagy képviselője személyazonosságát hitelt érdemlően igazolja."},"meta":{},"created_at":"2025-10-16T13:00:32.207359Z","updated_at":"2025-10-16T13:32:49.868877Z","inner_id":105,"total_annotations":1,"cancelled_annotations":0,"total_predictions":0,"comment_count":0,"unresolved_comment_count":0,"last_comment_updated_at":null,"project":20,"updated_by":14,"comment_authors":[]},{"id":7926,"annotations":[{"id":255,"completed_by":14,"result":[{"value":{"choices":["2-Nehezen érthető"]},"id":"B14U0LKBk4","from_name":"sentiment","to_name":"text","type":"choices","origin":"manual"}],"was_cancelled":false,"ground_truth":false,"created_at":"2025-10-16T13:33:00.151486Z","updated_at":"2025-10-16T13:33:00.151498Z","draft_created_at":null,"lead_time":8.203,"prediction":{},"result_count":1,"unique_id":"3e742f60-8ff1-4542-bd77-2a73efd800fe","import_id":null,"last_action":null,"bulk_created":false,"task":7926,"project":20,"updated_by":14,"parent_prediction":null,"parent_annotation":null,"last_created_by":null}],"file_upload":"e7a73105-otp_aszf.txt","drafts":[],"predictions":[],"data":{"text":"2. Az OTP Bank Nyrt. a pénzmosás és a terrorizmus finanszírozása megelőzéséről és megakadályozásáról szóló jogszabály szerinti ügyfél-azonosítás rendjéről hirdetményben tájékoztatja Ügyfeleit."},"meta":{},"created_at":"2025-10-16T13:00:32.207393Z","updated_at":"2025-10-16T13:33:00.178236Z","inner_id":106,"total_annotations":1,"cancelled_annotations":0,"total_predictions":0,"comment_count":0,"unresolved_comment_count":0,"last_comment_updated_at":null,"project":20,"updated_by":14,"comment_authors":[]},{"id":7927,"annotations":[{"id":257,"completed_by":14,"result":[{"value":{"choices":["2-Nehezen érthető"]},"id":"WC8SB2NGR-","from_name":"sentiment","to_name":"text","type":"choices","origin":"manual"}],"was_cancelled":false,"ground_truth":false,"created_at":"2025-10-16T13:33:41.300908Z","updated_at":"2025-10-16T13:33:41.300920Z","draft_created_at":"2025-10-16T13:33:32.178480Z","lead_time":40.075,"prediction":{},"result_count":1,"unique_id":"825408fe-bf9f-47e5-a809-4fa73b0b04c2","import_id":null,"last_action":null,"bulk_created":false,"task":7927,"project":20,"updated_by":14,"parent_prediction":null,"parent_annotation":null,"last_created_by":null}],"file_upload":"e7a73105-otp_aszf.txt","drafts":[],"predictions":[],"data":{"text":"3. Az OTP Bank Nyrt. - a telefonos csatornán, illetve az OTP Bank Nyrt. honlapján elérhető OTP Chat szolgáltatásban - a mindenkori Soft azonosítás keretében elérhető szolgáltatások köréről szóló Hirdetményekben meghatározott banki és egyéb műveletek lebonyolítását vállalja."},"meta":{},"created_at":"2025-10-16T13:00:32.207429Z","updated_at":"2025-10-16T13:33:41.327105Z","inner_id":107,"total_annotations":1,"cancelled_annotations":0,"total_predictions":0,"comment_count":0,"unresolved_comment_count":0,"last_comment_updated_at":null,"project":20,"updated_by":14,"comment_authors":[]},{"id":7928,"annotations":[{"id":258,"completed_by":14,"result":[{"value":{"choices":["1-Nagyon nehezen érthető"]},"id":"Y8C2hSkifL","from_name":"sentiment","to_name":"text","type":"choices","origin":"manual"}],"was_cancelled":false,"ground_truth":false,"created_at":"2025-10-16T13:33:58.138736Z","updated_at":"2025-10-16T13:33:58.138747Z","draft_created_at":null,"lead_time":16.054,"prediction":{},"result_count":1,"unique_id":"7d45e754-80c2-436c-88cc-254855db49fe","import_id":null,"last_action":null,"bulk_created":false,"task":7928,"project":20,"updated_by":14,"parent_prediction":null,"parent_annotation":null,"last_created_by":null}],"file_upload":"e7a73105-otp_aszf.txt","drafts":[],"predictions":[],"data":{"text":"5. Az OTP Bank Nyrt. jogosult meggyőződni az Ügyfél képviselőjének képviseleti jogáról. E célból kérheti, hogy az Ügyfél képviselője képviseleti jogát hitelt érdemlően igazolja. Az OTP Bank Nyrt. a hozzá bejelentett képviselőket mindaddig az Ügyfél képviselőjének tekinti, amíg a képviseleti jog visszavonásáról vagy annak egyéb módon történő megszűnéséről szóló írásbeli értesítés az OTP Bank Nyrt. megfelelő szervéhez be nem érkezik. Amennyiben a képviseleti jogot igazoló okiratból kétséget kizáróan ki nem tűnik, úgy a képviselő képviseleti jogának korlátozása – jogszabály ellenkező rendelkezése hiányában – az OTP Bank Nyrt.-vel szemben hatálytalan."},"meta":{},"created_at":"2025-10-16T13:00:32.207465Z","updated_at":"2025-10-16T13:33:58.163510Z","inner_id":108,"total_annotations":1,"cancelled_annotations":0,"total_predictions":0,"comment_count":0,"unresolved_comment_count":0,"last_comment_updated_at":null,"project":20,"updated_by":14,"comment_authors":[]},{"id":7929,"annotations":[{"id":259,"completed_by":14,"result":[{"value":{"choices":["1-Nagyon nehezen érthető"]},"id":"Kxl06C0HnM","from_name":"sentiment","to_name":"text","type":"choices","origin":"manual"}],"was_cancelled":false,"ground_truth":false,"created_at":"2025-10-16T13:34:06.866457Z","updated_at":"2025-10-16T13:34:06.866469Z","draft_created_at":null,"lead_time":7.638,"prediction":{},"result_count":1,"unique_id":"930b7b27-3aad-4bb3-bfdb-d5ecbd74cfb0","import_id":null,"last_action":null,"bulk_created":false,"task":7929,"project":20,"updated_by":14,"parent_prediction":null,"parent_annotation":null,"last_created_by":null}],"file_upload":"e7a73105-otp_aszf.txt","drafts":[],"predictions":[],"data":{"text":"8. Az OTP Bank Nyrt. a nem Magyarország területén, és nem Magyarország joghatósága alatt készült meghatalmazást a III.8-9. pontban meghatározott formában fogad el. Az OTP Bank Nyrt. a külügyekért felelős miniszter által arra felhatalmazott konzul készítette konzuli tanúsítványt, valamint az arra felhatalmazott tiszteletbeli konzul által készített konzuli tanúsítványt Magyarország területén kiállított okiratnak tekinti."},"meta":{},"created_at":"2025-10-16T13:00:32.207501Z","updated_at":"2025-10-16T13:34:06.890701Z","inner_id":109,"total_annotations":1,"cancelled_annotations":0,"total_predictions":0,"comment_count":0,"unresolved_comment_count":0,"last_comment_updated_at":null,"project":20,"updated_by":14,"comment_authors":[]},{"id":7930,"annotations":[{"id":260,"completed_by":14,"result":[{"value":{"choices":["1-Nagyon nehezen érthető"]},"id":"xg-fqAEz9S","from_name":"sentiment","to_name":"text","type":"choices","origin":"manual"}],"was_cancelled":false,"ground_truth":false,"created_at":"2025-10-16T13:34:52.338003Z","updated_at":"2025-10-16T13:34:52.338014Z","draft_created_at":null,"lead_time":10.377,"prediction":{},"result_count":1,"unique_id":"20258c83-a4b0-4567-8def-3c4751043d59","import_id":null,"last_action":null,"bulk_created":false,"task":7930,"project":20,"updated_by":14,"parent_prediction":null,"parent_annotation":null,"last_created_by":null}],"file_upload":"e7a73105-otp_aszf.txt","drafts":[],"predictions":[],"data":{"text":"13. A pénzügyi és egyéb szolgáltatók azonosítási feladatához kapcsolódó adatszolgáltatási háttér megteremtéséről és működtetéséről szóló 2021. évi XLIII. törvényben (a továbbiakban: Afad tv.) foglaltak alapján az OTP Bank Nyrt. a nyilvántartó szerv Afad tv. 14. § (1) bekezdés szerinti közzététele alapján megtagadja a „megbízhatatlan” minősítésű tényleges tulajdonosi adatokkal rendelkező adatszolgáltató által kezdeményezett, négymillió-ötszázezer forintot elérő összegű ügylet teljesítését."},"meta":{},"created_at":"2025-10-16T13:00:32.207536Z","updated_at":"2025-10-16T13:34:52.364359Z","inner_id":110,"total_annotations":1,"cancelled_annotations":0,"total_predictions":0,"comment_count":0,"unresolved_comment_count":0,"last_comment_updated_at":null,"project":20,"updated_by":14,"comment_authors":[]},{"id":7931,"annotations":[{"id":261,"completed_by":14,"result":[{"value":{"choices":["3-Többé\/kevésbé megértem"]},"id":"B7RkqJOuXg","from_name":"sentiment","to_name":"text","type":"choices","origin":"manual"}],"was_cancelled":false,"ground_truth":false,"created_at":"2025-10-16T13:35:01.824768Z","updated_at":"2025-10-16T13:35:01.824779Z","draft_created_at":null,"lead_time":8.571,"prediction":{},"result_count":1,"unique_id":"e7e03eeb-3bdb-4629-8d85-f6a91ab23d5d","import_id":null,"last_action":null,"bulk_created":false,"task":7931,"project":20,"updated_by":14,"parent_prediction":null,"parent_annotation":null,"last_created_by":null}],"file_upload":"e7a73105-otp_aszf.txt","drafts":[],"predictions":[],"data":{"text":"1. Az OTP Bank Nyrt. és az Ügyfél szerződéses kapcsolataikban megfelelően együttműködnek és így a bankügylet szempontjából jelentős tényekről, azok változásáról egymást késedelem nélkül értesítik. Az OTP Bank Nyrt. az együttműködés és a tájékoztatás során az olyan Ügyfél magatartását veszi alapul, aki észszerűen tájékozottan, az adott helyzetben általában elvárható figyelmességgel és körültekintéssel jár el."},"meta":{},"created_at":"2025-10-16T13:00:32.207572Z","updated_at":"2025-10-16T13:35:01.848831Z","inner_id":111,"total_annotations":1,"cancelled_annotations":0,"total_predictions":0,"comment_count":0,"unresolved_comment_count":0,"last_comment_updated_at":null,"project":20,"updated_by":14,"comment_authors":[]},{"id":7932,"annotations":[{"id":262,"completed_by":14,"result":[{"value":{"choices":["5-Könnyen érthető"]},"id":"E3AG_M-af_","from_name":"sentiment","to_name":"text","type":"choices","origin":"manual"}],"was_cancelled":false,"ground_truth":false,"created_at":"2025-10-16T13:35:12.980286Z","updated_at":"2025-10-16T13:35:12.980298Z","draft_created_at":null,"lead_time":10.061,"prediction":{},"result_count":1,"unique_id":"cccc5632-0770-4a1b-ab9a-7c24644db7c4","import_id":null,"last_action":null,"bulk_created":false,"task":7932,"project":20,"updated_by":14,"parent_prediction":null,"parent_annotation":null,"last_created_by":null}],"file_upload":"e7a73105-otp_aszf.txt","drafts":[],"predictions":[],"data":{"text":"2. Az ügylettel összefüggő egymáshoz intézett kérdésekre kötelesek legkésőbb 30 napon belül választ adni, és felhívni egymás figyelmét az esetleges tévedésekre, mulasztásokra."},"meta":{},"created_at":"2025-10-16T13:00:32.207607Z","updated_at":"2025-10-16T13:35:13.007882Z","inner_id":112,"total_annotations":1,"cancelled_annotations":0,"total_predictions":0,"comment_count":0,"unresolved_comment_count":0,"last_comment_updated_at":null,"project":20,"updated_by":14,"comment_authors":[]}]