[{"id":1,"annotations":[{"id":1,"completed_by":1,"result":[{"value":{"choices":["5-Könnyen érthető"]},"id":"VxxVa5rX69","from_name":"sentiment","to_name":"text","type":"choices","origin":"manual"}],"was_cancelled":false,"ground_truth":false,"created_at":"2025-10-16T14:42:06.732919Z","updated_at":"2025-10-16T14:42:06.732938Z","draft_created_at":null,"lead_time":4.847,"prediction":{},"result_count":1,"unique_id":"350209a9-5903-4449-82cf-277cf77573e1","import_id":null,"last_action":null,"bulk_created":false,"task":1,"project":1,"updated_by":1,"parent_prediction":null,"parent_annotation":null,"last_created_by":null}],"file_upload":"afc6a230-KH_aszf.txt","drafts":[],"predictions":[],"data":{"text":"I. Fogalom meghatározások"},"meta":{},"created_at":"2025-10-16T14:31:35.226323Z","updated_at":"2025-10-16T14:42:06.833956Z","inner_id":1,"total_annotations":1,"cancelled_annotations":0,"total_predictions":0,"comment_count":0,"unresolved_comment_count":0,"last_comment_updated_at":null,"project":1,"updated_by":1,"comment_authors":[]},{"id":2,"annotations":[{"id":2,"completed_by":1,"result":[{"value":{"choices":["4-Érthető"]},"id":"2Bzpm13NUp","from_name":"sentiment","to_name":"text","type":"choices","origin":"manual"}],"was_cancelled":false,"ground_truth":false,"created_at":"2025-10-16T14:44:12.360517Z","updated_at":"2025-10-16T14:44:12.360557Z","draft_created_at":null,"lead_time":122.464,"prediction":{},"result_count":1,"unique_id":"cad09eec-aa9b-47ae-81b4-a575e765f849","import_id":null,"last_action":null,"bulk_created":false,"task":2,"project":1,"updated_by":1,"parent_prediction":null,"parent_annotation":null,"last_created_by":null}],"file_upload":"afc6a230-KH_aszf.txt","drafts":[],"predictions":[],"data":{"text":"e-azonosító szám: A Bank által kibocsátott virtuális kártyaszám, amely e-bank azonosító kártya kibocsátása esetén megegyezik az e-bank azonosító kártya számával. Az e-azonosító szám névre szóló, annak birtokosa csak természetes személy lehet."},"meta":{},"created_at":"2025-10-16T14:31:35.226391Z","updated_at":"2025-10-16T14:44:12.468077Z","inner_id":2,"total_annotations":1,"cancelled_annotations":0,"total_predictions":0,"comment_count":0,"unresolved_comment_count":0,"last_comment_updated_at":null,"project":1,"updated_by":1,"comment_authors":[]},{"id":3,"annotations":[{"id":3,"completed_by":1,"result":[{"value":{"choices":["3-Többé\/kevésbé megértem"]},"id":"FrLCZInZG-","from_name":"sentiment","to_name":"text","type":"choices","origin":"manual"}],"was_cancelled":false,"ground_truth":false,"created_at":"2025-10-16T14:45:25.770000Z","updated_at":"2025-10-16T14:45:25.770019Z","draft_created_at":null,"lead_time":71.916,"prediction":{},"result_count":1,"unique_id":"4619e794-ae50-4a03-bf38-e6740854af28","import_id":null,"last_action":null,"bulk_created":false,"task":3,"project":1,"updated_by":1,"parent_prediction":null,"parent_annotation":null,"last_created_by":null}],"file_upload":"afc6a230-KH_aszf.txt","drafts":[],"predictions":[],"data":{"text":"e-bank azonosító kártya: A Bank által kibocsátott, bankkártyának nem minősülő műanyag lap, amely - mint távolról hozzáférést biztosító elektronikus fizetési eszköz - biztosítja, a PIN kód révén, kizárólag az Ügyfél\/Felhasználó részére a K&H e-bank interneten keresztül történő igénybevételét. A Bank által kibocsátott azonosító kártya a Bank tulajdonát képezi. Az e-bank azonosító kártya névre szóló, annak birtokosa csak természetes személy lehet."},"meta":{},"created_at":"2025-10-16T14:31:35.226428Z","updated_at":"2025-10-16T14:45:25.859295Z","inner_id":3,"total_annotations":1,"cancelled_annotations":0,"total_predictions":0,"comment_count":0,"unresolved_comment_count":0,"last_comment_updated_at":null,"project":1,"updated_by":1,"comment_authors":[]},{"id":4,"annotations":[{"id":4,"completed_by":1,"result":[{"value":{"choices":["5-Könnyen érthető"]},"id":"Us0In4JNBB","from_name":"sentiment","to_name":"text","type":"choices","origin":"manual"}],"was_cancelled":false,"ground_truth":false,"created_at":"2025-10-16T14:45:36.679784Z","updated_at":"2025-10-16T14:45:36.679804Z","draft_created_at":null,"lead_time":9.107,"prediction":{},"result_count":1,"unique_id":"da3e92bc-0d67-4fa7-9809-b254d410c3c3","import_id":null,"last_action":null,"bulk_created":false,"task":4,"project":1,"updated_by":1,"parent_prediction":null,"parent_annotation":null,"last_created_by":null}],"file_upload":"afc6a230-KH_aszf.txt","drafts":[],"predictions":[],"data":{"text":"Egyszer használatos jelszó: A Bank által az Ügyfél részére SMS üzenetben megküldött, egyszeri belépésre felhasználható jelszó."},"meta":{},"created_at":"2025-10-16T14:31:35.226463Z","updated_at":"2025-10-16T14:45:36.780767Z","inner_id":4,"total_annotations":1,"cancelled_annotations":0,"total_predictions":0,"comment_count":0,"unresolved_comment_count":0,"last_comment_updated_at":null,"project":1,"updated_by":1,"comment_authors":[]},{"id":5,"annotations":[{"id":5,"completed_by":1,"result":[{"value":{"choices":["3-Többé\/kevésbé megértem"]},"id":"OqtDCRUFh1","from_name":"sentiment","to_name":"text","type":"choices","origin":"manual"}],"was_cancelled":false,"ground_truth":false,"created_at":"2025-10-16T14:47:50.678874Z","updated_at":"2025-10-16T14:47:50.678891Z","draft_created_at":"2025-10-16T14:47:49.731334Z","lead_time":132.254,"prediction":{},"result_count":1,"unique_id":"7a3ae335-8271-4e83-9185-ee81a1be9f65","import_id":null,"last_action":null,"bulk_created":false,"task":5,"project":1,"updated_by":1,"parent_prediction":null,"parent_annotation":null,"last_created_by":null}],"file_upload":"afc6a230-KH_aszf.txt","drafts":[],"predictions":[],"data":{"text":"Elektronikus banki művelet: Minden olyan megbízás és értesítés, amelyet az Ügyfél\/Felhasználó közvetlenül számítógépes kommunikáció alkalmazásával, legalább részben elektronikus jelek formájában ad meg a Bank számára. Az elektronikus banki műveletek során az Ügyfél az aláírását a Bank által jóváhagyott formátumú személyazonosító kódolással helyettesíti."},"meta":{},"created_at":"2025-10-16T14:31:35.226514Z","updated_at":"2025-10-16T14:47:50.770450Z","inner_id":5,"total_annotations":1,"cancelled_annotations":0,"total_predictions":0,"comment_count":0,"unresolved_comment_count":0,"last_comment_updated_at":null,"project":1,"updated_by":1,"comment_authors":[]},{"id":6,"annotations":[{"id":6,"completed_by":1,"result":[{"value":{"choices":["2-Nehezen érthető"]},"id":"z4x0ToK1SQ","from_name":"sentiment","to_name":"text","type":"choices","origin":"manual"}],"was_cancelled":false,"ground_truth":false,"created_at":"2025-10-16T14:49:19.692145Z","updated_at":"2025-10-16T14:49:19.692166Z","draft_created_at":null,"lead_time":86.365,"prediction":{},"result_count":1,"unique_id":"0ec75b47-6215-47db-8df7-5f136db9af81","import_id":null,"last_action":null,"bulk_created":false,"task":6,"project":1,"updated_by":1,"parent_prediction":null,"parent_annotation":null,"last_created_by":null}],"file_upload":"afc6a230-KH_aszf.txt","drafts":[],"predictions":[],"data":{"text":"Felhasználó: K&H vállalkozói e-bank szolgáltatás esetében az Ügyfél által, a szolgáltatásra irányadó feltételek szerint elektronikus banki műveletek végzésére felhatalmazott bármely személy."},"meta":{},"created_at":"2025-10-16T14:31:35.226550Z","updated_at":"2025-10-16T14:49:19.779314Z","inner_id":6,"total_annotations":1,"cancelled_annotations":0,"total_predictions":0,"comment_count":0,"unresolved_comment_count":0,"last_comment_updated_at":null,"project":1,"updated_by":1,"comment_authors":[]},{"id":7,"annotations":[{"id":7,"completed_by":1,"result":[{"value":{"choices":["3-Többé\/kevésbé megértem"]},"id":"tQGd6P9DHC","from_name":"sentiment","to_name":"text","type":"choices","origin":"manual"}],"was_cancelled":false,"ground_truth":false,"created_at":"2025-10-16T14:50:28.811618Z","updated_at":"2025-10-16T14:50:28.811636Z","draft_created_at":null,"lead_time":67.415,"prediction":{},"result_count":1,"unique_id":"b6ebfc53-50b3-4880-862e-19c0fa9ad110","import_id":null,"last_action":null,"bulk_created":false,"task":7,"project":1,"updated_by":1,"parent_prediction":null,"parent_annotation":null,"last_created_by":null}],"file_upload":"afc6a230-KH_aszf.txt","drafts":[],"predictions":[],"data":{"text":"Hirdetmény: A Bank által az ügyfélforgalom számára nyitva álló helyiségében, a szolgáltatások igénybevételeinek feltételeit tartalmazó közlemény. A Hirdetmény tartalmazza többek között a szolgáltatások tartalmát, az igénybevételéhez szükséges eszközök paramétereit, illetve a díjakat, jutalékokat."},"meta":{},"created_at":"2025-10-16T14:31:35.226582Z","updated_at":"2025-10-16T14:50:28.901513Z","inner_id":7,"total_annotations":1,"cancelled_annotations":0,"total_predictions":0,"comment_count":0,"unresolved_comment_count":0,"last_comment_updated_at":null,"project":1,"updated_by":1,"comment_authors":[]},{"id":8,"annotations":[{"id":8,"completed_by":1,"result":[{"value":{"choices":["5-Könnyen érthető"]},"id":"btsG6qm44Q","from_name":"sentiment","to_name":"text","type":"choices","origin":"manual"}],"was_cancelled":false,"ground_truth":false,"created_at":"2025-10-16T14:51:48.882778Z","updated_at":"2025-10-16T14:51:48.882798Z","draft_created_at":null,"lead_time":78.259,"prediction":{},"result_count":1,"unique_id":"51269d0b-45f8-4192-ba6c-3f07dc7a3e53","import_id":null,"last_action":null,"bulk_created":false,"task":8,"project":1,"updated_by":1,"parent_prediction":null,"parent_annotation":null,"last_created_by":null}],"file_upload":"afc6a230-KH_aszf.txt","drafts":[],"predictions":[],"data":{"text":"Hozzáférési jog: A Felhasználó azon joga, mely egyértelműen meghatározza, hogy a Felhasználó a K&H e-bank szolgáltatás keretében milyen típusú elektronikus banki műveleteket végezhet."},"meta":{},"created_at":"2025-10-16T14:31:35.226612Z","updated_at":"2025-10-16T14:51:48.977125Z","inner_id":8,"total_annotations":1,"cancelled_annotations":0,"total_predictions":0,"comment_count":0,"unresolved_comment_count":0,"last_comment_updated_at":null,"project":1,"updated_by":1,"comment_authors":[]},{"id":9,"annotations":[{"id":9,"completed_by":1,"result":[{"value":{"choices":["5-Könnyen érthető"]},"id":"0ijjX_z9VY","from_name":"sentiment","to_name":"text","type":"choices","origin":"manual"}],"was_cancelled":false,"ground_truth":false,"created_at":"2025-10-16T14:52:11.436862Z","updated_at":"2025-10-16T14:52:11.436880Z","draft_created_at":null,"lead_time":19.042,"prediction":{},"result_count":1,"unique_id":"e4ec2d02-35eb-4cbe-a125-8123c9df227c","import_id":null,"last_action":null,"bulk_created":false,"task":9,"project":1,"updated_by":1,"parent_prediction":null,"parent_annotation":null,"last_created_by":null}],"file_upload":"afc6a230-KH_aszf.txt","drafts":[],"predictions":[],"data":{"text":"Induló sms aktivizáló kód: A Bank az Ügyfél részére az e-azonosító számmal együtt átadott egyszer használatos jelszó, amelynek megküldésével az Ügyfél aktiválja az e-azonosító számát és megkapja az e- bank felületre történő első belépéshez szükséges egyszer használatos jelszót a banktól sms-ben."},"meta":{},"created_at":"2025-10-16T14:31:35.226641Z","updated_at":"2025-10-16T14:52:11.522880Z","inner_id":9,"total_annotations":1,"cancelled_annotations":0,"total_predictions":0,"comment_count":0,"unresolved_comment_count":0,"last_comment_updated_at":null,"project":1,"updated_by":1,"comment_authors":[]},{"id":10,"annotations":[{"id":10,"completed_by":1,"result":[{"value":{"choices":["4-Érthető"]},"id":"KSCNq0FsXr","from_name":"sentiment","to_name":"text","type":"choices","origin":"manual"}],"was_cancelled":false,"ground_truth":false,"created_at":"2025-10-16T14:54:32.855117Z","updated_at":"2025-10-16T14:54:32.855136Z","draft_created_at":null,"lead_time":42.167,"prediction":{},"result_count":1,"unique_id":"16132a4b-e53e-48ac-a74e-94e5b147d038","import_id":null,"last_action":null,"bulk_created":false,"task":10,"project":1,"updated_by":1,"parent_prediction":null,"parent_annotation":null,"last_created_by":null}],"file_upload":"afc6a230-KH_aszf.txt","drafts":[],"predictions":[],"data":{"text":"K&H e-bank szolgáltatás: A Bank által az Ügyfelek részére nyújtott szolgáltatás, amely során az Ügyfelek a kapcsolódó kondíciókról az ide vonatkozó Hirdetményekben meghatározott, és K&H lakossági e-bank szolgáltatás esetén az https:\/\/ebank.khb.hu\/lakossag, K&H trambulin e-bank szolgáltatás esetén az https:\/\/ebank.khb.hu\/trambulin, K&H vállalkozói e-bank szolgáltatás esetén a https:\/\/ebank.khb.hu\/vallalat internetes címen elérhető szolgáltatásokat vehetik igénybe."},"meta":{},"created_at":"2025-10-16T14:31:35.226671Z","updated_at":"2025-10-16T14:54:32.942593Z","inner_id":10,"total_annotations":1,"cancelled_annotations":0,"total_predictions":0,"comment_count":0,"unresolved_comment_count":0,"last_comment_updated_at":null,"project":1,"updated_by":1,"comment_authors":[]},{"id":11,"annotations":[{"id":11,"completed_by":1,"result":[{"value":{"choices":["4-Érthető"]},"id":"1fG54dJaQv","from_name":"sentiment","to_name":"text","type":"choices","origin":"manual"}],"was_cancelled":false,"ground_truth":false,"created_at":"2025-10-16T14:54:54.259242Z","updated_at":"2025-10-16T14:54:54.259264Z","draft_created_at":"2025-10-16T14:54:51.002736Z","lead_time":19.774,"prediction":{},"result_count":1,"unique_id":"844e64e1-734a-4959-97da-0ae045f37adb","import_id":null,"last_action":null,"bulk_created":false,"task":11,"project":1,"updated_by":1,"parent_prediction":null,"parent_annotation":null,"last_created_by":null}],"file_upload":"afc6a230-KH_aszf.txt","drafts":[],"predictions":[],"data":{"text":"Meghajtó program: A chipkártya-olvasó üzemeltetéséhez szükséges program."},"meta":{},"created_at":"2025-10-16T14:31:35.226700Z","updated_at":"2025-10-16T14:54:54.345910Z","inner_id":11,"total_annotations":1,"cancelled_annotations":0,"total_predictions":0,"comment_count":0,"unresolved_comment_count":0,"last_comment_updated_at":null,"project":1,"updated_by":1,"comment_authors":[]},{"id":12,"annotations":[{"id":12,"completed_by":1,"result":[{"value":{"choices":["5-Könnyen érthető"]},"id":"epZQeB7wEg","from_name":"sentiment","to_name":"text","type":"choices","origin":"manual"}],"was_cancelled":false,"ground_truth":false,"created_at":"2025-10-16T14:55:13.170878Z","updated_at":"2025-10-16T14:55:13.170897Z","draft_created_at":null,"lead_time":16.011,"prediction":{},"result_count":1,"unique_id":"f2357645-23bb-42eb-93be-8bdaaaf110f7","import_id":null,"last_action":null,"bulk_created":false,"task":12,"project":1,"updated_by":1,"parent_prediction":null,"parent_annotation":null,"last_created_by":null}],"file_upload":"afc6a230-KH_aszf.txt","drafts":[],"predictions":[],"data":{"text":"Minimális konfiguráció: A szolgáltatás igénybevételéhez szükséges minimális technikai feltételek."},"meta":{},"created_at":"2025-10-16T14:31:35.226727Z","updated_at":"2025-10-16T14:55:13.257322Z","inner_id":12,"total_annotations":1,"cancelled_annotations":0,"total_predictions":0,"comment_count":0,"unresolved_comment_count":0,"last_comment_updated_at":null,"project":1,"updated_by":1,"comment_authors":[]},{"id":13,"annotations":[{"id":13,"completed_by":1,"result":[{"value":{"choices":["5-Könnyen érthető"]},"id":"lSlZVwOZuk","from_name":"sentiment","to_name":"text","type":"choices","origin":"manual"}],"was_cancelled":false,"ground_truth":false,"created_at":"2025-10-16T14:55:26.605518Z","updated_at":"2025-10-16T14:55:26.605535Z","draft_created_at":null,"lead_time":11.398,"prediction":{},"result_count":1,"unique_id":"7e006db4-0094-4750-927f-399f2d2c5564","import_id":null,"last_action":null,"bulk_created":false,"task":13,"project":1,"updated_by":1,"parent_prediction":null,"parent_annotation":null,"last_created_by":null}],"file_upload":"afc6a230-KH_aszf.txt","drafts":[],"predictions":[],"data":{"text":"Nyilvános helyen történő üzemeltetés: Bármely a banki, illetőleg az otthoni számítógép-használat körén kívül eső hely."},"meta":{},"created_at":"2025-10-16T14:31:35.226754Z","updated_at":"2025-10-16T14:55:26.690879Z","inner_id":13,"total_annotations":1,"cancelled_annotations":0,"total_predictions":0,"comment_count":0,"unresolved_comment_count":0,"last_comment_updated_at":null,"project":1,"updated_by":1,"comment_authors":[]},{"id":14,"annotations":[{"id":14,"completed_by":1,"result":[{"value":{"choices":["5-Könnyen érthető"]},"id":"cKFKC8lJpX","from_name":"sentiment","to_name":"text","type":"choices","origin":"manual"}],"was_cancelled":false,"ground_truth":false,"created_at":"2025-10-16T14:55:35.959529Z","updated_at":"2025-10-16T14:55:35.959547Z","draft_created_at":null,"lead_time":6.603,"prediction":{},"result_count":1,"unique_id":"743b7341-c41d-444a-9df0-cd46a6ed6642","import_id":null,"last_action":null,"bulk_created":false,"task":14,"project":1,"updated_by":1,"parent_prediction":null,"parent_annotation":null,"last_created_by":null}],"file_upload":"afc6a230-KH_aszf.txt","drafts":[],"predictions":[],"data":{"text":"Olvasó: A szolgáltatás igénybevételéhez szükséges chipkártya-olvasó."},"meta":{},"created_at":"2025-10-16T14:31:35.226783Z","updated_at":"2025-10-16T14:55:36.045860Z","inner_id":14,"total_annotations":1,"cancelled_annotations":0,"total_predictions":0,"comment_count":0,"unresolved_comment_count":0,"last_comment_updated_at":null,"project":1,"updated_by":1,"comment_authors":[]},{"id":15,"annotations":[{"id":15,"completed_by":1,"result":[{"value":{"choices":["4-Érthető"]},"id":"m0tr-OplBI","from_name":"sentiment","to_name":"text","type":"choices","origin":"manual"}],"was_cancelled":false,"ground_truth":false,"created_at":"2025-10-16T20:13:45.681000Z","updated_at":"2025-10-16T20:13:45.681022Z","draft_created_at":null,"lead_time":27.353,"prediction":{},"result_count":1,"unique_id":"0c683679-df5e-47f7-9c6c-0a58fad8dcb5","import_id":null,"last_action":null,"bulk_created":false,"task":15,"project":1,"updated_by":1,"parent_prediction":null,"parent_annotation":null,"last_created_by":null}],"file_upload":"afc6a230-KH_aszf.txt","drafts":[],"predictions":[],"data":{"text":"PIN kód (Personal Identification Number): Az a szigorú biztonsági előírások mellett készített, újra elő nem állítható, adott személyre vonatkozó titkos személyi azonosító kód, amelyet a Bank az Ügyfél\/Felhasználó részére eljuttat, és amely lehetővé teszi az azonosító kártya használatával a szolgáltatás igénybevételét."},"meta":{},"created_at":"2025-10-16T14:31:35.226812Z","updated_at":"2025-10-16T20:13:45.930888Z","inner_id":15,"total_annotations":1,"cancelled_annotations":0,"total_predictions":0,"comment_count":0,"unresolved_comment_count":0,"last_comment_updated_at":null,"project":1,"updated_by":1,"comment_authors":[]},{"id":16,"annotations":[{"id":16,"completed_by":1,"result":[{"value":{"choices":["4-Érthető"]},"id":"FMF11aiiej","from_name":"sentiment","to_name":"text","type":"choices","origin":"manual"}],"was_cancelled":false,"ground_truth":false,"created_at":"2025-10-16T20:15:01.214054Z","updated_at":"2025-10-16T20:15:01.214081Z","draft_created_at":null,"lead_time":73.043,"prediction":{},"result_count":1,"unique_id":"a2c28bb7-9f49-46f2-8e0e-d6a6c5b99e93","import_id":null,"last_action":null,"bulk_created":false,"task":16,"project":1,"updated_by":1,"parent_prediction":null,"parent_annotation":null,"last_created_by":null}],"file_upload":"afc6a230-KH_aszf.txt","drafts":[],"predictions":[],"data":{"text":"Ügyfél: A szolgáltatás alapjául szolgáló bankszámlaszerződéssel rendelkező természetes személy, illetve gazdálkodó és egyéb szervezetek."},"meta":{},"created_at":"2025-10-16T14:31:35.226840Z","updated_at":"2025-10-16T20:15:01.456093Z","inner_id":16,"total_annotations":1,"cancelled_annotations":0,"total_predictions":0,"comment_count":0,"unresolved_comment_count":0,"last_comment_updated_at":null,"project":1,"updated_by":1,"comment_authors":[]},{"id":17,"annotations":[{"id":17,"completed_by":1,"result":[{"value":{"choices":["5-Könnyen érthető"]},"id":"0WWpfB5QtC","from_name":"sentiment","to_name":"text","type":"choices","origin":"manual"}],"was_cancelled":false,"ground_truth":false,"created_at":"2025-10-16T20:15:31.934232Z","updated_at":"2025-10-16T20:15:31.934261Z","draft_created_at":null,"lead_time":28.755,"prediction":{},"result_count":1,"unique_id":"72017785-cfc8-4d69-b722-e913d1dc673e","import_id":null,"last_action":null,"bulk_created":false,"task":17,"project":1,"updated_by":1,"parent_prediction":null,"parent_annotation":null,"last_created_by":null}],"file_upload":"afc6a230-KH_aszf.txt","drafts":[],"predictions":[],"data":{"text":"Üzemeltető: Az, aki a Banktól függetlenül biztosítja a szolgáltatás eléréséhez szükséges, Hirdetményben meghatározott eszközöket."},"meta":{},"created_at":"2025-10-16T14:31:35.226870Z","updated_at":"2025-10-16T20:15:32.116652Z","inner_id":17,"total_annotations":1,"cancelled_annotations":0,"total_predictions":0,"comment_count":0,"unresolved_comment_count":0,"last_comment_updated_at":null,"project":1,"updated_by":1,"comment_authors":[]},{"id":18,"annotations":[{"id":18,"completed_by":1,"result":[{"value":{"choices":["5-Könnyen érthető"]},"id":"3NstRLGTLU","from_name":"sentiment","to_name":"text","type":"choices","origin":"manual"}],"was_cancelled":false,"ground_truth":false,"created_at":"2025-10-16T20:15:38.179438Z","updated_at":"2025-10-16T20:15:38.179461Z","draft_created_at":null,"lead_time":4.215,"prediction":{},"result_count":1,"unique_id":"87074414-e434-4fe1-950e-9f1b493d35f1","import_id":null,"last_action":null,"bulk_created":false,"task":18,"project":1,"updated_by":1,"parent_prediction":null,"parent_annotation":null,"last_created_by":null}],"file_upload":"afc6a230-KH_aszf.txt","drafts":[],"predictions":[],"data":{"text":"II. Általános rendelkezések"},"meta":{},"created_at":"2025-10-16T14:31:35.226897Z","updated_at":"2025-10-16T20:15:38.406392Z","inner_id":18,"total_annotations":1,"cancelled_annotations":0,"total_predictions":0,"comment_count":0,"unresolved_comment_count":0,"last_comment_updated_at":null,"project":1,"updated_by":1,"comment_authors":[]},{"id":19,"annotations":[{"id":19,"completed_by":1,"result":[{"value":{"choices":["4-Érthető"]},"id":"qg7xRPMWt4","from_name":"sentiment","to_name":"text","type":"choices","origin":"manual"}],"was_cancelled":false,"ground_truth":false,"created_at":"2025-10-16T20:17:08.861473Z","updated_at":"2025-10-16T20:17:08.861516Z","draft_created_at":null,"lead_time":88.982,"prediction":{},"result_count":1,"unique_id":"c59c44d1-8da4-457f-b4ef-355cf547571f","import_id":null,"last_action":null,"bulk_created":false,"task":19,"project":1,"updated_by":1,"parent_prediction":null,"parent_annotation":null,"last_created_by":null}],"file_upload":"afc6a230-KH_aszf.txt","drafts":[],"predictions":[],"data":{"text":"2.1 A Bank a vonatkozó ÁSZF, a vonatkozó Hirdetmény és a Bank Üzletszabályzatának Ügyfél\/Felhasználó általi elfogadásával K&H e-bank szolgáltatást nyújt az Ügyfél\/Felhasználó részére, s e szolgáltatások igénybevételéhez – az Ügyfél rendelkezésének megfelelően – e-bank azonosító kártyát vagy – az ügyfél választása szerint - e-azonosító számot bocsát ki."},"meta":{},"created_at":"2025-10-16T14:31:35.226929Z","updated_at":"2025-10-16T20:17:09.089920Z","inner_id":19,"total_annotations":1,"cancelled_annotations":0,"total_predictions":0,"comment_count":0,"unresolved_comment_count":0,"last_comment_updated_at":null,"project":1,"updated_by":1,"comment_authors":[]},{"id":20,"annotations":[{"id":20,"completed_by":1,"result":[{"value":{"choices":["5-Könnyen érthető"]},"id":"_QOStnmwTo","from_name":"sentiment","to_name":"text","type":"choices","origin":"manual"}],"was_cancelled":false,"ground_truth":false,"created_at":"2025-10-16T20:17:33.497231Z","updated_at":"2025-10-16T20:25:46.579540Z","draft_created_at":null,"lead_time":35.165000000000006,"prediction":{},"result_count":1,"unique_id":"19ea9b7f-74c3-4e5d-b6bf-14a2e919ea33","import_id":null,"last_action":null,"bulk_created":false,"task":20,"project":1,"updated_by":1,"parent_prediction":null,"parent_annotation":null,"last_created_by":null}],"file_upload":"afc6a230-KH_aszf.txt","drafts":[],"predictions":[],"data":{"text":"2.2 Az Ügyfél köteles rendelkezni az e-bank szolgáltatás igénybevételéhez szükséges, a Bank által meghatározott berendezésekkel, illetőleg ilyen berendezések használatára jogosultnak kell lennie. Ezen berendezések valamint a szolgáltatás igénybevételéhez szükséges egyéb eszközök műszaki jellemzőit, használatát az Ügyfél köteles megismerni."},"meta":{},"created_at":"2025-10-16T14:31:35.226957Z","updated_at":"2025-10-16T20:25:46.825948Z","inner_id":20,"total_annotations":1,"cancelled_annotations":0,"total_predictions":0,"comment_count":0,"unresolved_comment_count":0,"last_comment_updated_at":null,"project":1,"updated_by":1,"comment_authors":[]},{"id":21,"annotations":[{"id":21,"completed_by":1,"result":[{"value":{"choices":["5-Könnyen érthető"]},"id":"zoGI5Zn-VI","from_name":"sentiment","to_name":"text","type":"choices","origin":"manual"}],"was_cancelled":false,"ground_truth":false,"created_at":"2025-10-16T20:25:26.076269Z","updated_at":"2025-10-16T20:25:35.218184Z","draft_created_at":null,"lead_time":458.937,"prediction":{},"result_count":1,"unique_id":"5a8612e1-b6bb-41c3-a7b2-41f0541d4088","import_id":null,"last_action":null,"bulk_created":false,"task":21,"project":1,"updated_by":1,"parent_prediction":null,"parent_annotation":null,"last_created_by":null}],"file_upload":"afc6a230-KH_aszf.txt","drafts":[],"predictions":[],"data":{"text":"2.3 Az Ügyfél\/Felhasználó az e-bank szolgáltatás keretében banki szolgáltatásokat vehet igénybe. A szolgáltatási kört a Bank ügyfélforgalom számára nyitva álló helyiségeiben és az interneten közzétett Hirdetmény tartalmazza."},"meta":{},"created_at":"2025-10-16T14:31:35.226985Z","updated_at":"2025-10-16T20:25:35.555872Z","inner_id":21,"total_annotations":1,"cancelled_annotations":0,"total_predictions":0,"comment_count":0,"unresolved_comment_count":0,"last_comment_updated_at":null,"project":1,"updated_by":1,"comment_authors":[]},{"id":22,"annotations":[{"id":22,"completed_by":1,"result":[{"value":{"choices":["3-Többé\/kevésbé megértem"]},"id":"IHOJt1QjXC","from_name":"sentiment","to_name":"text","type":"choices","origin":"manual"}],"was_cancelled":false,"ground_truth":false,"created_at":"2025-10-16T20:26:57.640552Z","updated_at":"2025-10-16T20:26:57.640581Z","draft_created_at":"2025-10-16T20:26:53.276299Z","lead_time":65.278,"prediction":{},"result_count":1,"unique_id":"a41ffc72-ebb0-4c65-91a0-f597e801a2f8","import_id":null,"last_action":null,"bulk_created":false,"task":22,"project":1,"updated_by":1,"parent_prediction":null,"parent_annotation":null,"last_created_by":null}],"file_upload":"afc6a230-KH_aszf.txt","drafts":[],"predictions":[],"data":{"text":"2.4 A Bank a szolgáltatások igénybevételéért a Hirdetményben meghatározott díjakat, költségeket vagy jutalékokat számítja fel. A Bank jogosult az esedékes díjakat, jutalékokat illetve költségeket a Hirdetményben meghatározott időpontban az Ügyfél bankszámlájára terhelni. A Hirdetményben közzétett díjak, költségek, jutalékok nem tartalmazzák a szolgáltatások igénybevételével végrehajtott tranzakcióknak a vonatkozó Hirdetményben meghatározott mértékű díjait, költségeit, jutalékait."},"meta":{},"created_at":"2025-10-16T14:31:35.227012Z","updated_at":"2025-10-16T20:26:57.870892Z","inner_id":22,"total_annotations":1,"cancelled_annotations":0,"total_predictions":0,"comment_count":0,"unresolved_comment_count":0,"last_comment_updated_at":null,"project":1,"updated_by":1,"comment_authors":[]},{"id":23,"annotations":[{"id":23,"completed_by":1,"result":[{"value":{"choices":["3-Többé\/kevésbé megértem"]},"id":"2ykWXYXIiW","from_name":"sentiment","to_name":"text","type":"choices","origin":"manual"}],"was_cancelled":false,"ground_truth":false,"created_at":"2025-10-16T20:29:24.048128Z","updated_at":"2025-10-16T20:30:33.430539Z","draft_created_at":null,"lead_time":197.823,"prediction":{},"result_count":1,"unique_id":"f5a9239e-92ce-4e54-95aa-166209d5ccd8","import_id":null,"last_action":null,"bulk_created":false,"task":23,"project":1,"updated_by":1,"parent_prediction":null,"parent_annotation":null,"last_created_by":null}],"file_upload":"afc6a230-KH_aszf.txt","drafts":[],"predictions":[],"data":{"text":"2.5 Az Ügyfél a Bankkal szemben, a jelen ÁSZF alapján keletkező valamennyi fizetési kötelezettségének köteles esedékességkor, illetve felmerülésekor eleget tenni. A Bank jogosult arra, hogy az Ügyféllel szemben keletkező követelését az Ügyfél banknál vezetett bármely számlájával szemben elszámolja, illetve az Ügyfél egyéb számláján alapuló, vagy a Bankkal szemben egyébként fennálló követelésébe beszámítsa."},"meta":{},"created_at":"2025-10-16T14:31:35.227040Z","updated_at":"2025-10-16T20:30:33.744104Z","inner_id":23,"total_annotations":1,"cancelled_annotations":0,"total_predictions":0,"comment_count":0,"unresolved_comment_count":0,"last_comment_updated_at":null,"project":1,"updated_by":1,"comment_authors":[]},{"id":24,"annotations":[{"id":24,"completed_by":1,"result":[{"value":{"choices":["4-Érthető"]},"id":"9HhBAO5VLX","from_name":"sentiment","to_name":"text","type":"choices","origin":"manual"}],"was_cancelled":false,"ground_truth":false,"created_at":"2025-10-16T20:32:05.879064Z","updated_at":"2025-10-16T20:32:05.879087Z","draft_created_at":null,"lead_time":90.352,"prediction":{},"result_count":1,"unique_id":"8eb2f19c-f676-4c84-a9be-c1d077d8268b","import_id":null,"last_action":null,"bulk_created":false,"task":24,"project":1,"updated_by":1,"parent_prediction":null,"parent_annotation":null,"last_created_by":null}],"file_upload":"afc6a230-KH_aszf.txt","drafts":[],"predictions":[],"data":{"text":"2.6 A szolgáltatás igénybevételére az Ügyfél\/Felhasználó attól a naptól kezdve jogosult, amely napon a szolgáltatás igénybevételéhez szükséges e-bank azonosító kártyát, valamint a PIN kódot átvette, illetőleg e-azonosító szám igénylése esetén az e-azonosító számról és a hozzá kapcsolódó induló sms aktivizáló kódról az igénylés és a Bank által kibocsátott tájékoztató levél egy példányának átvételekor értesült."},"meta":{},"created_at":"2025-10-16T14:31:35.227068Z","updated_at":"2025-10-16T20:32:06.110042Z","inner_id":24,"total_annotations":1,"cancelled_annotations":0,"total_predictions":0,"comment_count":0,"unresolved_comment_count":0,"last_comment_updated_at":null,"project":1,"updated_by":1,"comment_authors":[]},{"id":25,"annotations":[{"id":25,"completed_by":1,"result":[{"value":{"choices":["4-Érthető"]},"id":"a5-QfL1CFw","from_name":"sentiment","to_name":"text","type":"choices","origin":"manual"}],"was_cancelled":false,"ground_truth":false,"created_at":"2025-10-16T20:33:01.206187Z","updated_at":"2025-10-16T20:33:01.206210Z","draft_created_at":null,"lead_time":53.534,"prediction":{},"result_count":1,"unique_id":"70989a9b-3924-40ff-b892-996b1c880658","import_id":null,"last_action":null,"bulk_created":false,"task":25,"project":1,"updated_by":1,"parent_prediction":null,"parent_annotation":null,"last_created_by":null}],"file_upload":"afc6a230-KH_aszf.txt","drafts":[],"predictions":[],"data":{"text":"2.7 A Bank az e-bank azonosító kártya, az e-azonosító szám valamint a szolgáltatás igénybevételéhez szükséges chipkártya-olvasó átvételéről és módjáról értesíti az Ügyfelet\/Felhasználót. Amennyiben az Ügyfél a Bank mindenkori értesítése alapján nem veszi át az elkészített e-bank azonosító kártyát, illetve az e-azonosító számot, a Bank az ebből származó károkért (különösen az e-bank azonosító kártya, illetve e-azonosító szám használati idejének rövidülése) felelősséget nem vállal. A Bank az át nem vett e-bank azonosító kártya, illetve e-azonosító szám vonatkozásában is érvényesíti az e-bank azonosító kártya, illetve e-azonosító szám Hirdetményben meghatározott díját."},"meta":{},"created_at":"2025-10-16T14:31:35.227098Z","updated_at":"2025-10-16T20:33:01.440807Z","inner_id":25,"total_annotations":1,"cancelled_annotations":0,"total_predictions":0,"comment_count":0,"unresolved_comment_count":0,"last_comment_updated_at":null,"project":1,"updated_by":1,"comment_authors":[]},{"id":26,"annotations":[{"id":26,"completed_by":1,"result":[{"value":{"choices":["3-Többé\/kevésbé megértem"]},"id":"8DkqIQagMD","from_name":"sentiment","to_name":"text","type":"choices","origin":"manual"}],"was_cancelled":false,"ground_truth":false,"created_at":"2025-10-16T20:33:51.783390Z","updated_at":"2025-10-16T20:33:51.783413Z","draft_created_at":null,"lead_time":48.818,"prediction":{},"result_count":1,"unique_id":"2f58e1d4-b744-4d84-84c7-5ad2320abf91","import_id":null,"last_action":null,"bulk_created":false,"task":26,"project":1,"updated_by":1,"parent_prediction":null,"parent_annotation":null,"last_created_by":null}],"file_upload":"afc6a230-KH_aszf.txt","drafts":[],"predictions":[],"data":{"text":"2.8 Az Ügyfél\/Felhasználó az ÁSZF-nek megfelelően igénybe vett szolgáltatás esetén a beazonosítást követően adott utasításokat sajátjaként ismeri el, azokért teljes felelősséget vállal."},"meta":{},"created_at":"2025-10-16T14:31:35.227125Z","updated_at":"2025-10-16T20:33:52.019081Z","inner_id":26,"total_annotations":1,"cancelled_annotations":0,"total_predictions":0,"comment_count":0,"unresolved_comment_count":0,"last_comment_updated_at":null,"project":1,"updated_by":1,"comment_authors":[]},{"id":27,"annotations":[{"id":27,"completed_by":1,"result":[{"value":{"choices":["5-Könnyen érthető"]},"id":"GOu_lUyj9E","from_name":"sentiment","to_name":"text","type":"choices","origin":"manual"}],"was_cancelled":false,"ground_truth":false,"created_at":"2025-10-16T20:36:42.802094Z","updated_at":"2025-10-16T20:36:42.802144Z","draft_created_at":null,"lead_time":168.865,"prediction":{},"result_count":1,"unique_id":"80433084-73b9-43fe-afdd-b14fbf4f94e5","import_id":null,"last_action":null,"bulk_created":false,"task":27,"project":1,"updated_by":1,"parent_prediction":null,"parent_annotation":null,"last_created_by":null}],"file_upload":"afc6a230-KH_aszf.txt","drafts":[],"predictions":[],"data":{"text":"2.11 Az Ügyfél az általa a szolgáltatás használatára felhatalmazott Felhasználókat és hozzáférési jogainak terjedelmét az Adatlap elnevezésű nyomtatványon adja meg a Banknak."},"meta":{},"created_at":"2025-10-16T14:31:35.227151Z","updated_at":"2025-10-16T20:36:42.968250Z","inner_id":27,"total_annotations":1,"cancelled_annotations":0,"total_predictions":0,"comment_count":0,"unresolved_comment_count":0,"last_comment_updated_at":null,"project":1,"updated_by":1,"comment_authors":[]},{"id":28,"annotations":[{"id":28,"completed_by":1,"result":[{"value":{"choices":["3-Többé\/kevésbé megértem"]},"id":"5KYDZK0bGJ","from_name":"sentiment","to_name":"text","type":"choices","origin":"manual"}],"was_cancelled":false,"ground_truth":false,"created_at":"2025-10-16T20:38:49.313736Z","updated_at":"2025-10-16T20:38:49.313761Z","draft_created_at":"2025-10-16T20:38:34.934765Z","lead_time":119.169,"prediction":{},"result_count":1,"unique_id":"e214b7cb-b479-471d-82b0-f73ba9d6d757","import_id":null,"last_action":null,"bulk_created":false,"task":28,"project":1,"updated_by":1,"parent_prediction":null,"parent_annotation":null,"last_created_by":null}],"file_upload":"afc6a230-KH_aszf.txt","drafts":[],"predictions":[],"data":{"text":"2.14 Tekintettel arra, hogy az Ügyfél K&H Trambulin 14+ számla esetén korlátozottan cselekvőképes kiskorú személy, a K&H Trambulin e-bank szolgáltatás érvényes igénybevételéhez szükséges, hogy az Ügyfél törvényes képviselője „hozzájáruló nyilatkozatot tegyen és készfizető kezességvállalást vállaljon."},"meta":{},"created_at":"2025-10-16T14:31:35.227180Z","updated_at":"2025-10-16T20:38:49.531124Z","inner_id":28,"total_annotations":1,"cancelled_annotations":0,"total_predictions":0,"comment_count":0,"unresolved_comment_count":0,"last_comment_updated_at":null,"project":1,"updated_by":1,"comment_authors":[]},{"id":29,"annotations":[{"id":29,"completed_by":1,"result":[{"value":{"choices":["4-Érthető"]},"id":"2hgTmRVwyW","from_name":"sentiment","to_name":"text","type":"choices","origin":"manual"}],"was_cancelled":false,"ground_truth":false,"created_at":"2025-10-16T20:39:11.334926Z","updated_at":"2025-10-16T20:39:11.334949Z","draft_created_at":null,"lead_time":18.229,"prediction":{},"result_count":1,"unique_id":"eaa76b22-80c7-4db0-8608-8b29f8e74de2","import_id":null,"last_action":null,"bulk_created":false,"task":29,"project":1,"updated_by":1,"parent_prediction":null,"parent_annotation":null,"last_created_by":null}],"file_upload":"afc6a230-KH_aszf.txt","drafts":[],"predictions":[],"data":{"text":"III. Felek jogai, kötelezettségei, felelőssége, a megbízások kezelése, az azonosítás"},"meta":{},"created_at":"2025-10-16T14:31:35.227206Z","updated_at":"2025-10-16T20:39:11.571522Z","inner_id":29,"total_annotations":1,"cancelled_annotations":0,"total_predictions":0,"comment_count":0,"unresolved_comment_count":0,"last_comment_updated_at":null,"project":1,"updated_by":1,"comment_authors":[]},{"id":30,"annotations":[{"id":30,"completed_by":1,"result":[{"value":{"choices":["4-Érthető"]},"id":"HafRGGz7Ss","from_name":"sentiment","to_name":"text","type":"choices","origin":"manual"}],"was_cancelled":false,"ground_truth":false,"created_at":"2025-10-16T20:39:47.919257Z","updated_at":"2025-10-16T20:39:47.919282Z","draft_created_at":null,"lead_time":34.247,"prediction":{},"result_count":1,"unique_id":"400ff737-6067-441a-90de-8130113f97c0","import_id":null,"last_action":null,"bulk_created":false,"task":30,"project":1,"updated_by":1,"parent_prediction":null,"parent_annotation":null,"last_created_by":null}],"file_upload":"afc6a230-KH_aszf.txt","drafts":[],"predictions":[],"data":{"text":"3.1 A Bank biztosítja az Ügyfél\/Felhasználó részére – igényének megfelelően – a Bank tulajdonát képező, a szolgáltatás igénybevételéhez szükséges eszközöket: az e-bank azonosító kártyát és az Olvasót, valamint az ezek használatát bemutató telepítési útmutatót. A szolgáltatás igénybevételét segítő felhasználói kézikönyv lakossági e-bank szolgáltatás esetén a https:\/\/ebank.khb.hu\/lakossag, trambulin e-bank szolgáltatás esetén a https:\/\/ebank.khb.hu\/trambulin, míg vállalkozói e-bank szolgáltatás esetén a https:\/\/ebank.khb.hu\/vallalat oldalon tölthető le. Az olvasó a Bank tulajdonát képezi, az Ügyfél\/Felhasználó, mint birtokos azt csak használatba kapja."},"meta":{},"created_at":"2025-10-16T14:31:35.227235Z","updated_at":"2025-10-16T20:39:48.130722Z","inner_id":30,"total_annotations":1,"cancelled_annotations":0,"total_predictions":0,"comment_count":0,"unresolved_comment_count":0,"last_comment_updated_at":null,"project":1,"updated_by":1,"comment_authors":[]}]