[{"id":232,"annotations":[{"id":68,"completed_by":1,"result":[{"value":{"choices":["5-Könnyen érthető"]},"id":"h8ngknAdao","from_name":"sentiment","to_name":"text","type":"choices","origin":"manual"}],"was_cancelled":false,"ground_truth":false,"created_at":"2025-10-16T12:57:32.485007Z","updated_at":"2025-10-16T12:58:02.333927Z","draft_created_at":"2025-10-16T12:56:47.650894Z","lead_time":48.913000000000004,"prediction":{},"result_count":1,"unique_id":"4f3b6ab8-95ef-4ea7-81e9-1b265b686dfc","import_id":null,"last_action":null,"bulk_created":false,"task":232,"project":3,"updated_by":1,"parent_prediction":null,"parent_annotation":null,"last_created_by":null}],"file_upload":"02888136-KH_aszf.txt","drafts":[],"predictions":[],"data":{"text":"I. Fogalom meghatározások"},"meta":{},"created_at":"2025-10-16T12:43:50.517796Z","updated_at":"2025-10-16T12:58:02.372505Z","inner_id":1,"total_annotations":1,"cancelled_annotations":0,"total_predictions":0,"comment_count":0,"unresolved_comment_count":0,"last_comment_updated_at":null,"project":3,"updated_by":1,"comment_authors":[]},{"id":233,"annotations":[{"id":69,"completed_by":1,"result":[{"value":{"choices":["4-Érthető"]},"id":"6LIOq76baM","from_name":"sentiment","to_name":"text","type":"choices","origin":"manual"}],"was_cancelled":false,"ground_truth":false,"created_at":"2025-10-16T12:57:34.524901Z","updated_at":"2025-10-16T12:59:43.684079Z","draft_created_at":null,"lead_time":99.75699999999999,"prediction":{},"result_count":1,"unique_id":"738091ba-668b-4836-926e-5055d9fe9451","import_id":null,"last_action":null,"bulk_created":false,"task":233,"project":3,"updated_by":1,"parent_prediction":null,"parent_annotation":null,"last_created_by":null}],"file_upload":"02888136-KH_aszf.txt","drafts":[],"predictions":[],"data":{"text":"e-azonosító szám: A Bank által kibocsátott virtuális kártyaszám, amely e-bank azonosító kártya kibocsátása esetén megegyezik az e-bank azonosító kártya számával. Az e-azonosító szám névre szóló, annak birtokosa csak természetes személy lehet."},"meta":{},"created_at":"2025-10-16T12:43:50.517835Z","updated_at":"2025-10-16T12:59:43.721318Z","inner_id":2,"total_annotations":1,"cancelled_annotations":0,"total_predictions":0,"comment_count":0,"unresolved_comment_count":0,"last_comment_updated_at":null,"project":3,"updated_by":1,"comment_authors":[]},{"id":234,"annotations":[{"id":70,"completed_by":1,"result":[{"value":{"choices":["4-Érthető"]},"id":"qvcYOySLZM","from_name":"sentiment","to_name":"text","type":"choices","origin":"manual"}],"was_cancelled":false,"ground_truth":false,"created_at":"2025-10-16T12:57:36.758131Z","updated_at":"2025-10-16T13:00:15.904984Z","draft_created_at":null,"lead_time":32.906,"prediction":{},"result_count":1,"unique_id":"92992079-e64a-4743-a537-8ba6a16563a8","import_id":null,"last_action":null,"bulk_created":false,"task":234,"project":3,"updated_by":1,"parent_prediction":null,"parent_annotation":null,"last_created_by":null}],"file_upload":"02888136-KH_aszf.txt","drafts":[],"predictions":[],"data":{"text":"e-bank azonosító kártya: A Bank által kibocsátott, bankkártyának nem minősülő műanyag lap, amely - mint távolról hozzáférést biztosító elektronikus fizetési eszköz - biztosítja, a PIN kód révén, kizárólag az Ügyfél\/Felhasználó részére a K&H e-bank interneten keresztül történő igénybevételét. A Bank által kibocsátott azonosító kártya a Bank tulajdonát képezi. Az e-bank azonosító kártya névre szóló, annak birtokosa csak természetes személy lehet."},"meta":{},"created_at":"2025-10-16T12:43:50.517862Z","updated_at":"2025-10-16T13:00:15.947619Z","inner_id":3,"total_annotations":1,"cancelled_annotations":0,"total_predictions":0,"comment_count":0,"unresolved_comment_count":0,"last_comment_updated_at":null,"project":3,"updated_by":1,"comment_authors":[]},{"id":235,"annotations":[{"id":71,"completed_by":1,"result":[{"value":{"choices":["4-Érthető"]},"id":"PvSlR2GZhA","from_name":"sentiment","to_name":"text","type":"choices","origin":"manual"}],"was_cancelled":false,"ground_truth":false,"created_at":"2025-10-16T12:57:38.479361Z","updated_at":"2025-10-16T12:57:38.479382Z","draft_created_at":null,"lead_time":1.515,"prediction":{},"result_count":1,"unique_id":"9234fb70-02dc-41c9-8e6f-088f62b0edb5","import_id":null,"last_action":null,"bulk_created":false,"task":235,"project":3,"updated_by":1,"parent_prediction":null,"parent_annotation":null,"last_created_by":null}],"file_upload":"02888136-KH_aszf.txt","drafts":[],"predictions":[],"data":{"text":"Egyszer használatos jelszó: A Bank által az Ügyfél részére SMS üzenetben megküldött, egyszeri belépésre felhasználható jelszó."},"meta":{},"created_at":"2025-10-16T12:43:50.517886Z","updated_at":"2025-10-16T12:57:38.522697Z","inner_id":4,"total_annotations":1,"cancelled_annotations":0,"total_predictions":0,"comment_count":0,"unresolved_comment_count":0,"last_comment_updated_at":null,"project":3,"updated_by":1,"comment_authors":[]},{"id":236,"annotations":[{"id":72,"completed_by":1,"result":[{"value":{"choices":["1-Nagyon nehezen érthető"]},"id":"adoofZl8KC","from_name":"sentiment","to_name":"text","type":"choices","origin":"manual"}],"was_cancelled":false,"ground_truth":false,"created_at":"2025-10-16T13:06:15.033912Z","updated_at":"2025-10-16T13:06:15.033931Z","draft_created_at":null,"lead_time":110.359,"prediction":{},"result_count":1,"unique_id":"5796fd5c-c639-4f07-90b6-9709fb21b14c","import_id":null,"last_action":null,"bulk_created":false,"task":236,"project":3,"updated_by":1,"parent_prediction":null,"parent_annotation":null,"last_created_by":null}],"file_upload":"02888136-KH_aszf.txt","drafts":[],"predictions":[],"data":{"text":"Elektronikus banki művelet: Minden olyan megbízás és értesítés, amelyet az Ügyfél\/Felhasználó közvetlenül számítógépes kommunikáció alkalmazásával, legalább részben elektronikus jelek formájában ad meg a Bank számára. Az elektronikus banki műveletek során az Ügyfél az aláírását a Bank által jóváhagyott formátumú személyazonosító kódolással helyettesíti."},"meta":{},"created_at":"2025-10-16T12:43:50.517911Z","updated_at":"2025-10-16T13:06:15.078934Z","inner_id":5,"total_annotations":1,"cancelled_annotations":0,"total_predictions":0,"comment_count":0,"unresolved_comment_count":0,"last_comment_updated_at":null,"project":3,"updated_by":1,"comment_authors":[]}]