[{"id":12,"annotations":[{"id":7,"completed_by":8,"result":[{"value":{"choices":["2-Nehezen érthető"]},"id":"lbUwm5DHQx","from_name":"sentiment","to_name":"text","type":"choices","origin":"manual"}],"was_cancelled":false,"ground_truth":false,"created_at":"2025-10-16T12:51:17.105617Z","updated_at":"2025-10-16T12:51:17.105629Z","draft_created_at":null,"lead_time":117.01,"prediction":{},"result_count":1,"unique_id":"8baabdda-09ee-42a2-9f79-e566b62bd546","import_id":null,"last_action":null,"bulk_created":false,"task":12,"project":11,"updated_by":8,"parent_prediction":null,"parent_annotation":null,"last_created_by":null}],"file_upload":"d1326d7c-otp_aszf.txt","drafts":[],"predictions":[],"data":{"text":"2. Ügyfélnek tekintendő az a természetes személy, jogi személy vagy jogi személyiséggel nem rendelkező szervezet, akinek az OTP Bank Nyrt. pénzügyi szolgáltatást (ideértve a kiegészítő pénzügyi szolgáltatást is) nyújt, vagy aki az OTP Bank Nyrt. befektetési szolgáltatási tevékenységét (ideértve a kiegészítő szolgáltatását is), vagy a vonatkozó jogszabályok alapján az OTP Bank Nyrt. által nyújtható egyéb szolgáltatását igénybe veszi, illetve aki ilyen szolgáltatás nyújtását kéri az OTP Bank Nyrt.-től."},"meta":{},"created_at":"2025-10-16T12:48:00.250024Z","updated_at":"2025-10-16T12:51:17.133591Z","inner_id":1,"total_annotations":1,"cancelled_annotations":0,"total_predictions":0,"comment_count":0,"unresolved_comment_count":0,"last_comment_updated_at":null,"project":11,"updated_by":8,"comment_authors":[]},{"id":13,"annotations":[{"id":8,"completed_by":8,"result":[{"value":{"choices":["4-Érthető"]},"id":"rWC23gXC5J","from_name":"sentiment","to_name":"text","type":"choices","origin":"manual"}],"was_cancelled":false,"ground_truth":false,"created_at":"2025-10-16T12:52:07.756870Z","updated_at":"2025-10-16T12:52:07.756881Z","draft_created_at":null,"lead_time":40.317,"prediction":{},"result_count":1,"unique_id":"b5ab7508-6865-4779-a813-5e09ce177614","import_id":null,"last_action":null,"bulk_created":false,"task":13,"project":11,"updated_by":8,"parent_prediction":null,"parent_annotation":null,"last_created_by":null}],"file_upload":"d1326d7c-otp_aszf.txt","drafts":[],"predictions":[],"data":{"text":"4. Az OTP Bank Nyrt. az Üzletszabályzatban foglalt jogait és kötelezettségeit mindenkor a hatályos jogszabályok eltérést nem engedő rendelkezéseinek keretei között gyakorolja és teljesíti, az Üzletszabályzat bármely rendelkezése ennek megfelelően értelmezendő."},"meta":{},"created_at":"2025-10-16T12:48:00.250073Z","updated_at":"2025-10-16T12:52:07.780658Z","inner_id":2,"total_annotations":1,"cancelled_annotations":0,"total_predictions":0,"comment_count":0,"unresolved_comment_count":0,"last_comment_updated_at":null,"project":11,"updated_by":8,"comment_authors":[]},{"id":14,"annotations":[{"id":9,"completed_by":8,"result":[{"value":{"choices":["5-Könnyen érthető"]},"id":"N57O-HuC15","from_name":"sentiment","to_name":"text","type":"choices","origin":"manual"}],"was_cancelled":false,"ground_truth":false,"created_at":"2025-10-16T12:52:27.626381Z","updated_at":"2025-10-16T12:52:27.626393Z","draft_created_at":null,"lead_time":17.618,"prediction":{},"result_count":1,"unique_id":"2a066c5f-cc0a-4490-b22b-fc4dd5589a84","import_id":null,"last_action":null,"bulk_created":false,"task":14,"project":11,"updated_by":8,"parent_prediction":null,"parent_annotation":null,"last_created_by":null}],"file_upload":"d1326d7c-otp_aszf.txt","drafts":[],"predictions":[],"data":{"text":"6. Amennyiben az OTP Bank Nyrt. valamely szolgáltatását megszünteti, az ezen szolgáltatásra az Ügyféllel kötött szerződést 30 napos felmondási idővel jogosult megszüntetni."},"meta":{},"created_at":"2025-10-16T12:48:00.250111Z","updated_at":"2025-10-16T12:52:27.652506Z","inner_id":3,"total_annotations":1,"cancelled_annotations":0,"total_predictions":0,"comment_count":0,"unresolved_comment_count":0,"last_comment_updated_at":null,"project":11,"updated_by":8,"comment_authors":[]},{"id":15,"annotations":[{"id":11,"completed_by":8,"result":[{"value":{"choices":["5-Könnyen érthető"]},"id":"m9RqGvCV6x","from_name":"sentiment","to_name":"text","type":"choices","origin":"manual"}],"was_cancelled":false,"ground_truth":false,"created_at":"2025-10-16T12:53:13.782636Z","updated_at":"2025-10-16T12:53:13.782647Z","draft_created_at":null,"lead_time":43.723,"prediction":{},"result_count":1,"unique_id":"d16633a6-0519-48d1-95a1-9a04e9a6ef68","import_id":null,"last_action":null,"bulk_created":false,"task":15,"project":11,"updated_by":8,"parent_prediction":null,"parent_annotation":null,"last_created_by":null}],"file_upload":"d1326d7c-otp_aszf.txt","drafts":[],"predictions":[],"data":{"text":"1. Az OTP Bank Nyrt. jogosult meggyőződni az Ügyfél, illetőleg képviselője személyazonosságáról. E célból kérheti, hogy az Ügyfél vagy képviselője személyazonosságát hitelt érdemlően igazolja."},"meta":{},"created_at":"2025-10-16T12:48:00.250146Z","updated_at":"2025-10-16T12:53:13.812376Z","inner_id":4,"total_annotations":1,"cancelled_annotations":0,"total_predictions":0,"comment_count":0,"unresolved_comment_count":0,"last_comment_updated_at":null,"project":11,"updated_by":8,"comment_authors":[]},{"id":16,"annotations":[{"id":12,"completed_by":8,"result":[{"value":{"choices":["5-Könnyen érthető"]},"id":"Ilv80xpRJJ","from_name":"sentiment","to_name":"text","type":"choices","origin":"manual"}],"was_cancelled":false,"ground_truth":false,"created_at":"2025-10-16T12:53:33.402991Z","updated_at":"2025-10-16T12:53:33.403002Z","draft_created_at":null,"lead_time":17.806,"prediction":{},"result_count":1,"unique_id":"d786d558-2a2c-4aa8-803b-9ac729863744","import_id":null,"last_action":null,"bulk_created":false,"task":16,"project":11,"updated_by":8,"parent_prediction":null,"parent_annotation":null,"last_created_by":null}],"file_upload":"d1326d7c-otp_aszf.txt","drafts":[],"predictions":[],"data":{"text":"2. Az OTP Bank Nyrt. a pénzmosás és a terrorizmus finanszírozása megelőzéséről és megakadályozásáról szóló jogszabály szerinti ügyfél-azonosítás rendjéről hirdetményben tájékoztatja Ügyfeleit."},"meta":{},"created_at":"2025-10-16T12:48:00.250200Z","updated_at":"2025-10-16T12:53:33.429022Z","inner_id":5,"total_annotations":1,"cancelled_annotations":0,"total_predictions":0,"comment_count":0,"unresolved_comment_count":0,"last_comment_updated_at":null,"project":11,"updated_by":8,"comment_authors":[]},{"id":17,"annotations":[{"id":13,"completed_by":8,"result":[{"value":{"choices":["3-Többé\/kevésbé megértem"]},"id":"pNm0fSVGhf","from_name":"sentiment","to_name":"text","type":"choices","origin":"manual"}],"was_cancelled":false,"ground_truth":false,"created_at":"2025-10-16T12:54:07.384178Z","updated_at":"2025-10-16T12:54:07.384189Z","draft_created_at":null,"lead_time":31.403,"prediction":{},"result_count":1,"unique_id":"ddc3bd1a-3e9e-4504-a392-768f01b7b6cf","import_id":null,"last_action":null,"bulk_created":false,"task":17,"project":11,"updated_by":8,"parent_prediction":null,"parent_annotation":null,"last_created_by":null}],"file_upload":"d1326d7c-otp_aszf.txt","drafts":[],"predictions":[],"data":{"text":"3. Az OTP Bank Nyrt. - a telefonos csatornán, illetve az OTP Bank Nyrt. honlapján elérhető OTP Chat szolgáltatásban - a mindenkori Soft azonosítás keretében elérhető szolgáltatások köréről szóló Hirdetményekben meghatározott banki és egyéb műveletek lebonyolítását vállalja."},"meta":{},"created_at":"2025-10-16T12:48:00.250239Z","updated_at":"2025-10-16T12:54:07.414202Z","inner_id":6,"total_annotations":1,"cancelled_annotations":0,"total_predictions":0,"comment_count":0,"unresolved_comment_count":0,"last_comment_updated_at":null,"project":11,"updated_by":8,"comment_authors":[]},{"id":18,"annotations":[{"id":14,"completed_by":8,"result":[{"value":{"choices":["3-Többé\/kevésbé megértem"]},"id":"Ag3LjQqrbJ","from_name":"sentiment","to_name":"text","type":"choices","origin":"manual"}],"was_cancelled":false,"ground_truth":false,"created_at":"2025-10-16T12:56:31.800423Z","updated_at":"2025-10-16T12:56:31.800434Z","draft_created_at":null,"lead_time":143.014,"prediction":{},"result_count":1,"unique_id":"c30e3916-ac83-4214-8d98-66f824808f0e","import_id":null,"last_action":null,"bulk_created":false,"task":18,"project":11,"updated_by":8,"parent_prediction":null,"parent_annotation":null,"last_created_by":null}],"file_upload":"d1326d7c-otp_aszf.txt","drafts":[],"predictions":[],"data":{"text":"5. Az OTP Bank Nyrt. jogosult meggyőződni az Ügyfél képviselőjének képviseleti jogáról. E célból kérheti, hogy az Ügyfél képviselője képviseleti jogát hitelt érdemlően igazolja. Az OTP Bank Nyrt. a hozzá bejelentett képviselőket mindaddig az Ügyfél képviselőjének tekinti, amíg a képviseleti jog visszavonásáról vagy annak egyéb módon történő megszűnéséről szóló írásbeli értesítés az OTP Bank Nyrt. megfelelő szervéhez be nem érkezik. Amennyiben a képviseleti jogot igazoló okiratból kétséget kizáróan ki nem tűnik, úgy a képviselő képviseleti jogának korlátozása – jogszabály ellenkező rendelkezése hiányában – az OTP Bank Nyrt.-vel szemben hatálytalan."},"meta":{},"created_at":"2025-10-16T12:48:00.250276Z","updated_at":"2025-10-16T12:56:31.823990Z","inner_id":7,"total_annotations":1,"cancelled_annotations":0,"total_predictions":0,"comment_count":0,"unresolved_comment_count":0,"last_comment_updated_at":null,"project":11,"updated_by":8,"comment_authors":[]},{"id":19,"annotations":[{"id":15,"completed_by":8,"result":[{"value":{"choices":["2-Nehezen érthető"]},"id":"ZFmZ15Iwly","from_name":"sentiment","to_name":"text","type":"choices","origin":"manual"}],"was_cancelled":false,"ground_truth":false,"created_at":"2025-10-16T12:57:16.583528Z","updated_at":"2025-10-16T12:57:16.583539Z","draft_created_at":null,"lead_time":43.015,"prediction":{},"result_count":1,"unique_id":"024fc1b8-7ae2-45d1-b540-ba79b12c5f35","import_id":null,"last_action":null,"bulk_created":false,"task":19,"project":11,"updated_by":8,"parent_prediction":null,"parent_annotation":null,"last_created_by":null}],"file_upload":"d1326d7c-otp_aszf.txt","drafts":[],"predictions":[],"data":{"text":"8. Az OTP Bank Nyrt. a nem Magyarország területén, és nem Magyarország joghatósága alatt készült meghatalmazást a III.8-9. pontban meghatározott formában fogad el. Az OTP Bank Nyrt. a külügyekért felelős miniszter által arra felhatalmazott konzul készítette konzuli tanúsítványt, valamint az arra felhatalmazott tiszteletbeli konzul által készített konzuli tanúsítványt Magyarország területén kiállított okiratnak tekinti."},"meta":{},"created_at":"2025-10-16T12:48:00.250312Z","updated_at":"2025-10-16T12:57:16.609165Z","inner_id":8,"total_annotations":1,"cancelled_annotations":0,"total_predictions":0,"comment_count":0,"unresolved_comment_count":0,"last_comment_updated_at":null,"project":11,"updated_by":8,"comment_authors":[]},{"id":20,"annotations":[{"id":16,"completed_by":8,"result":[{"value":{"choices":["3-Többé\/kevésbé megértem"]},"id":"dNuNUUvknw","from_name":"sentiment","to_name":"text","type":"choices","origin":"manual"}],"was_cancelled":false,"ground_truth":false,"created_at":"2025-10-16T12:58:16.176125Z","updated_at":"2025-10-16T12:58:16.176138Z","draft_created_at":null,"lead_time":55.305,"prediction":{},"result_count":1,"unique_id":"d735a553-ddb7-486d-a578-5cca0c7010d9","import_id":null,"last_action":null,"bulk_created":false,"task":20,"project":11,"updated_by":8,"parent_prediction":null,"parent_annotation":null,"last_created_by":null}],"file_upload":"d1326d7c-otp_aszf.txt","drafts":[],"predictions":[],"data":{"text":"13. A pénzügyi és egyéb szolgáltatók azonosítási feladatához kapcsolódó adatszolgáltatási háttér megteremtéséről és működtetéséről szóló 2021. évi XLIII. törvényben (a továbbiakban: Afad tv.) foglaltak alapján az OTP Bank Nyrt. a nyilvántartó szerv Afad tv. 14. § (1) bekezdés szerinti közzététele alapján megtagadja a „megbízhatatlan” minősítésű tényleges tulajdonosi adatokkal rendelkező adatszolgáltató által kezdeményezett, négymillió-ötszázezer forintot elérő összegű ügylet teljesítését."},"meta":{},"created_at":"2025-10-16T12:48:00.250348Z","updated_at":"2025-10-16T12:58:16.207503Z","inner_id":9,"total_annotations":1,"cancelled_annotations":0,"total_predictions":0,"comment_count":0,"unresolved_comment_count":0,"last_comment_updated_at":null,"project":11,"updated_by":8,"comment_authors":[]},{"id":21,"annotations":[{"id":17,"completed_by":8,"result":[{"value":{"choices":["4-Érthető"]},"id":"piMGYhYSRC","from_name":"sentiment","to_name":"text","type":"choices","origin":"manual"}],"was_cancelled":false,"ground_truth":false,"created_at":"2025-10-16T12:59:00.955855Z","updated_at":"2025-10-16T12:59:00.955866Z","draft_created_at":null,"lead_time":43.191,"prediction":{},"result_count":1,"unique_id":"6b9c2060-37f6-4c5b-9f2d-566c6f330834","import_id":null,"last_action":null,"bulk_created":false,"task":21,"project":11,"updated_by":8,"parent_prediction":null,"parent_annotation":null,"last_created_by":null}],"file_upload":"d1326d7c-otp_aszf.txt","drafts":[],"predictions":[],"data":{"text":"1. Az OTP Bank Nyrt. és az Ügyfél szerződéses kapcsolataikban megfelelően együttműködnek és így a bankügylet szempontjából jelentős tényekről, azok változásáról egymást késedelem nélkül értesítik. Az OTP Bank Nyrt. az együttműködés és a tájékoztatás során az olyan Ügyfél magatartását veszi alapul, aki észszerűen tájékozottan, az adott helyzetben általában elvárható figyelmességgel és körültekintéssel jár el."},"meta":{},"created_at":"2025-10-16T12:48:00.250384Z","updated_at":"2025-10-16T12:59:00.985988Z","inner_id":10,"total_annotations":1,"cancelled_annotations":0,"total_predictions":0,"comment_count":0,"unresolved_comment_count":0,"last_comment_updated_at":null,"project":11,"updated_by":8,"comment_authors":[]},{"id":22,"annotations":[{"id":18,"completed_by":8,"result":[{"value":{"choices":["5-Könnyen érthető"]},"id":"nU8ytEwybL","from_name":"sentiment","to_name":"text","type":"choices","origin":"manual"}],"was_cancelled":false,"ground_truth":false,"created_at":"2025-10-16T12:59:18.639474Z","updated_at":"2025-10-16T12:59:18.639485Z","draft_created_at":null,"lead_time":15.993,"prediction":{},"result_count":1,"unique_id":"98f3f473-58db-42c4-812a-da4c6ae6bdd5","import_id":null,"last_action":null,"bulk_created":false,"task":22,"project":11,"updated_by":8,"parent_prediction":null,"parent_annotation":null,"last_created_by":null}],"file_upload":"d1326d7c-otp_aszf.txt","drafts":[],"predictions":[],"data":{"text":"2. Az ügylettel összefüggő egymáshoz intézett kérdésekre kötelesek legkésőbb 30 napon belül választ adni, és felhívni egymás figyelmét az esetleges tévedésekre, mulasztásokra."},"meta":{},"created_at":"2025-10-16T12:48:00.250419Z","updated_at":"2025-10-16T12:59:18.669767Z","inner_id":11,"total_annotations":1,"cancelled_annotations":0,"total_predictions":0,"comment_count":0,"unresolved_comment_count":0,"last_comment_updated_at":null,"project":11,"updated_by":8,"comment_authors":[]},{"id":23,"annotations":[{"id":19,"completed_by":8,"result":[{"value":{"choices":["5-Könnyen érthető"]},"id":"i-vSf_w96-","from_name":"sentiment","to_name":"text","type":"choices","origin":"manual"}],"was_cancelled":false,"ground_truth":false,"created_at":"2025-10-16T12:59:34.979435Z","updated_at":"2025-10-16T12:59:34.979447Z","draft_created_at":null,"lead_time":14.922,"prediction":{},"result_count":1,"unique_id":"a74f38e4-45a1-4666-b951-ee3894576629","import_id":null,"last_action":null,"bulk_created":false,"task":23,"project":11,"updated_by":8,"parent_prediction":null,"parent_annotation":null,"last_created_by":null}],"file_upload":"d1326d7c-otp_aszf.txt","drafts":[],"predictions":[],"data":{"text":"3. Az OTP Bank Nyrt. bármilyen jog vagy tény fennállását igazoló okirat esetében kérheti 30 (harminc) napnál nem régebbi keltezésű eredeti példány rendelkezésre bocsátását."},"meta":{},"created_at":"2025-10-16T12:48:00.250453Z","updated_at":"2025-10-16T12:59:35.004265Z","inner_id":12,"total_annotations":1,"cancelled_annotations":0,"total_predictions":0,"comment_count":0,"unresolved_comment_count":0,"last_comment_updated_at":null,"project":11,"updated_by":8,"comment_authors":[]},{"id":24,"annotations":[{"id":22,"completed_by":8,"result":[{"value":{"choices":["2-Nehezen érthető"]},"id":"n6LP3yuxF1","from_name":"sentiment","to_name":"text","type":"choices","origin":"manual"}],"was_cancelled":false,"ground_truth":false,"created_at":"2025-10-16T13:01:00.360103Z","updated_at":"2025-10-16T13:01:00.360115Z","draft_created_at":null,"lead_time":82.65,"prediction":{},"result_count":1,"unique_id":"06257931-7f0a-4dca-ad16-8ecf1571b9a0","import_id":null,"last_action":null,"bulk_created":false,"task":24,"project":11,"updated_by":8,"parent_prediction":null,"parent_annotation":null,"last_created_by":null}],"file_upload":"d1326d7c-otp_aszf.txt","drafts":[],"predictions":[],"data":{"text":"4. Az OTP Bank Nyrt. hatósági igazolványt és hatósági bizonyítványt az abban foglalt érvényességi idő lejártának napjáig fogad el. Amennyiben az adott ügyletre vonatkozó szerződés, üzletági üzletszabályzat vagy az Üzletszabályzat kifejezetten eltérően nem rendelkezik, érvényességi időt nem tartalmazó hatósági bizonyítványt az OTP Bank Nyrt. kizárólag 30 (harminc) napnál nem régebbi keltezéssel fogad el."},"meta":{},"created_at":"2025-10-16T12:48:00.250489Z","updated_at":"2025-10-16T13:01:00.387938Z","inner_id":13,"total_annotations":1,"cancelled_annotations":0,"total_predictions":0,"comment_count":0,"unresolved_comment_count":0,"last_comment_updated_at":null,"project":11,"updated_by":8,"comment_authors":[]},{"id":25,"annotations":[{"id":50,"completed_by":8,"result":[{"value":{"choices":["2-Nehezen érthető"]},"id":"Mr-hPvddnc","from_name":"sentiment","to_name":"text","type":"choices","origin":"manual"}],"was_cancelled":false,"ground_truth":false,"created_at":"2025-10-16T13:03:29.793021Z","updated_at":"2025-10-16T13:03:29.793032Z","draft_created_at":null,"lead_time":147.786,"prediction":{},"result_count":1,"unique_id":"ece999fb-39eb-45dd-b289-f10658a60c78","import_id":null,"last_action":null,"bulk_created":false,"task":25,"project":11,"updated_by":8,"parent_prediction":null,"parent_annotation":null,"last_created_by":null}],"file_upload":"d1326d7c-otp_aszf.txt","drafts":[],"predictions":[],"data":{"text":"6. Amennyiben az adott ügyletre vonatkozó szerződés, üzletági üzletszabályzat vagy az Üzletszabályzat kifejezetten eltérően nem rendelkezik, akkor okiraton, nyilatkozaton, értesítésen papír alapú okiratot kell érteni. Az OTP Bank Nyrt. elektronikus okiratot a jogszabályok által előírt körben és a vonatkozó üzletági üzletszabályzatban, egyedi szerződésben meghatározott módon fogad el."},"meta":{},"created_at":"2025-10-16T12:48:00.250524Z","updated_at":"2025-10-16T13:03:29.819056Z","inner_id":14,"total_annotations":1,"cancelled_annotations":0,"total_predictions":0,"comment_count":0,"unresolved_comment_count":0,"last_comment_updated_at":null,"project":11,"updated_by":8,"comment_authors":[]},{"id":26,"annotations":[{"id":61,"completed_by":8,"result":[{"value":{"choices":["3-Többé\/kevésbé megértem"]},"id":"bxIVCJxWXP","from_name":"sentiment","to_name":"text","type":"choices","origin":"manual"}],"was_cancelled":false,"ground_truth":false,"created_at":"2025-10-16T13:04:31.193195Z","updated_at":"2025-10-16T13:04:31.193207Z","draft_created_at":null,"lead_time":60.256,"prediction":{},"result_count":1,"unique_id":"6cc098ba-1272-43b3-8bf5-9e53553bf05f","import_id":null,"last_action":null,"bulk_created":false,"task":26,"project":11,"updated_by":8,"parent_prediction":null,"parent_annotation":null,"last_created_by":null}],"file_upload":"d1326d7c-otp_aszf.txt","drafts":[],"predictions":[],"data":{"text":"8. Az OTP Bank Nyrt. nem Magyarország területén, illetve nem Magyarország joghatósága alatt kiállított közokiratot - nemzetközi szerződés eltérő rendelkezése hiányában – kizárólag diplomáciai felülhitelesítéssel ellátott vagy a külföldön felhasználásra kerülő közokiratok diplomáciai vagy konzuli hitelesítésének (felülhitelesítésének) mellőzéséről Hágában, az 1961. október 5. napján kelt egyezmény kihirdetéséről szóló 1973. évi 11. törvényerejű rendelet szabályai szerinti Apostille-záradékkal ellátott formában fogad el."},"meta":{},"created_at":"2025-10-16T12:48:00.250559Z","updated_at":"2025-10-16T13:04:31.217388Z","inner_id":15,"total_annotations":1,"cancelled_annotations":0,"total_predictions":0,"comment_count":0,"unresolved_comment_count":0,"last_comment_updated_at":null,"project":11,"updated_by":8,"comment_authors":[]},{"id":27,"annotations":[{"id":81,"completed_by":8,"result":[{"value":{"choices":["2-Nehezen érthető"]},"id":"ErdSfKSzRC","from_name":"sentiment","to_name":"text","type":"choices","origin":"manual"}],"was_cancelled":false,"ground_truth":false,"created_at":"2025-10-16T13:06:04.441259Z","updated_at":"2025-10-16T13:06:04.441270Z","draft_created_at":null,"lead_time":91.84,"prediction":{},"result_count":1,"unique_id":"4e283195-3d1b-45ff-a4a8-fc8917010464","import_id":null,"last_action":null,"bulk_created":false,"task":27,"project":11,"updated_by":8,"parent_prediction":null,"parent_annotation":null,"last_created_by":null}],"file_upload":"d1326d7c-otp_aszf.txt","drafts":[],"predictions":[],"data":{"text":"9. Amennyiben nemzetközi szerződés a külföldön kiállított okiratnak a 8. pontban meghatározottól eltérő formában való elfogadását írja elő, úgy a nemzetközi szerződés fennállását, hatályát és tartalmát az OTP Bank Nyrt. – az Ügyfél közreműködésével – vizsgálja. Ennek keretében az Ügyfelet az OTP Bank Nyrt. felkérheti az Ügyfél által hivatkozott nemzetközi szerződés megjelölésére, annak igazolására, hogy a nemzetközi szerződés személyi, tárgyi és időbeli hatálya az ügyben alkalmazandó, valamint annak közlésére, hogy mely okirati körre vonatkozóan írja elő a nemzetközi szerződés a 8. pontban meghatározottaktól eltérő okirati forma elfogadását."},"meta":{},"created_at":"2025-10-16T12:48:00.250595Z","updated_at":"2025-10-16T13:06:04.466765Z","inner_id":16,"total_annotations":1,"cancelled_annotations":0,"total_predictions":0,"comment_count":0,"unresolved_comment_count":0,"last_comment_updated_at":null,"project":11,"updated_by":8,"comment_authors":[]},{"id":28,"annotations":[{"id":84,"completed_by":8,"result":[{"value":{"choices":["4-Érthető"]},"id":"HOV6tyVY67","from_name":"sentiment","to_name":"text","type":"choices","origin":"manual"}],"was_cancelled":false,"ground_truth":false,"created_at":"2025-10-16T13:07:25.502417Z","updated_at":"2025-10-16T13:07:25.502430Z","draft_created_at":null,"lead_time":79.515,"prediction":{},"result_count":1,"unique_id":"1d4ae0b2-7210-4298-bb23-a721e835b833","import_id":null,"last_action":null,"bulk_created":false,"task":28,"project":11,"updated_by":8,"parent_prediction":null,"parent_annotation":null,"last_created_by":null}],"file_upload":"d1326d7c-otp_aszf.txt","drafts":[],"predictions":[],"data":{"text":"10. Nem magyar nyelven kiállított okirat esetében az OTP Bank Nyrt. jogosult az Ügyféltől az okiratról az Országos Fordító és Fordításhitelesítő Iroda (OFFI), vagy magyarországi szakfordító, vagy szakfordító-lektor által készített hiteles fordítást kérni, amelynek költségei az Ügyfelet terhelik. A szakfordítótól és szakfordító lektortól származó fordítás esetén csatolni kell a szakfordítói és tolmácsi képesítést igazoló okmány másolatát."},"meta":{},"created_at":"2025-10-16T12:48:00.250630Z","updated_at":"2025-10-16T13:07:25.527563Z","inner_id":17,"total_annotations":1,"cancelled_annotations":0,"total_predictions":0,"comment_count":0,"unresolved_comment_count":0,"last_comment_updated_at":null,"project":11,"updated_by":8,"comment_authors":[]},{"id":29,"annotations":[{"id":89,"completed_by":8,"result":[{"value":{"choices":["4-Érthető"]},"id":"h3Gn--d6HI","from_name":"sentiment","to_name":"text","type":"choices","origin":"manual"}],"was_cancelled":false,"ground_truth":false,"created_at":"2025-10-16T13:08:34.363683Z","updated_at":"2025-10-16T13:08:34.363695Z","draft_created_at":null,"lead_time":67.012,"prediction":{},"result_count":1,"unique_id":"d1347151-91c8-4ee1-a953-32d0da4824ad","import_id":null,"last_action":null,"bulk_created":false,"task":29,"project":11,"updated_by":8,"parent_prediction":null,"parent_annotation":null,"last_created_by":null}],"file_upload":"d1326d7c-otp_aszf.txt","drafts":[],"predictions":[],"data":{"text":"11. Írni nem tudó vagy nem képes személy írásbeli jognyilatkozata abban az esetben érvényes, ha azt közokirat vagy olyan teljes bizonyító erejű magánokirat tartalmazza, amelyen a nyilatkozó fél aláírását vagy kézjegyét bíróság vagy közjegyző hitelesíti, vagy amelyen ügyvéd ellenjegyzéssel vagy két tanú aláírással igazolja, hogy a nyilatkozó fél a nem általa írt okiratot előttük írta alá vagy látta el kézjegyével, vagy az okiraton lévő aláírást vagy kézjegyet előttük saját aláírásának vagy kézjegyének ismerte el. Az olvasni nem tudó, továbbá az olyan személy esetén, aki nem érti azt a nyelvet, amelyen az írásbeli nyilatkozatát tartalmazó okirat készült, az írásbeli jognyilatkozat érvényességének további feltétele, hogy magából az okiratból kitűnjön, hogy annak tartalmát a tanúk egyike vagy a hitelesítő személy a nyilatkozó félnek megmagyarázta."},"meta":{},"created_at":"2025-10-16T12:48:00.250667Z","updated_at":"2025-10-16T13:08:34.391196Z","inner_id":18,"total_annotations":1,"cancelled_annotations":0,"total_predictions":0,"comment_count":0,"unresolved_comment_count":0,"last_comment_updated_at":null,"project":11,"updated_by":8,"comment_authors":[]},{"id":30,"annotations":[{"id":93,"completed_by":8,"result":[{"value":{"choices":["3-Többé\/kevésbé megértem"]},"id":"Gjl6kxklDN","from_name":"sentiment","to_name":"text","type":"choices","origin":"manual"}],"was_cancelled":false,"ground_truth":false,"created_at":"2025-10-16T13:09:07.698138Z","updated_at":"2025-10-16T13:09:07.698149Z","draft_created_at":null,"lead_time":30.795,"prediction":{},"result_count":1,"unique_id":"40c22de7-34fe-4e33-b39d-7ba497c70e9c","import_id":null,"last_action":null,"bulk_created":false,"task":30,"project":11,"updated_by":8,"parent_prediction":null,"parent_annotation":null,"last_created_by":null}],"file_upload":"d1326d7c-otp_aszf.txt","drafts":[],"predictions":[],"data":{"text":"18. Az OTP Bank Nyrt. egyes, jogszabály által eltérő formához nem kötött, kötelezettségvállalással nem járó jognyilatkozatait a nyilatkozat megtételére jogosultak szkennelt aláírásainak dokumentumon történő elhelyezésével teszi meg."},"meta":{},"created_at":"2025-10-16T12:48:00.250701Z","updated_at":"2025-10-16T13:09:07.726759Z","inner_id":19,"total_annotations":1,"cancelled_annotations":0,"total_predictions":0,"comment_count":0,"unresolved_comment_count":0,"last_comment_updated_at":null,"project":11,"updated_by":8,"comment_authors":[]},{"id":31,"annotations":[{"id":99,"completed_by":8,"result":[{"value":{"choices":["4-Érthető"]},"id":"CKDNEfPRqW","from_name":"sentiment","to_name":"text","type":"choices","origin":"manual"}],"was_cancelled":false,"ground_truth":false,"created_at":"2025-10-16T13:10:43.044277Z","updated_at":"2025-10-16T13:10:43.044289Z","draft_created_at":null,"lead_time":93.782,"prediction":{},"result_count":1,"unique_id":"f4f24bbf-4841-4cc8-aa8d-ba057edf2820","import_id":null,"last_action":null,"bulk_created":false,"task":31,"project":11,"updated_by":8,"parent_prediction":null,"parent_annotation":null,"last_created_by":null}],"file_upload":"d1326d7c-otp_aszf.txt","drafts":[],"predictions":[],"data":{"text":"21. Az OTP Bank Nyrt. a halál tényéről történő, hitelt érdemlő tudomásszerzést követően a képviselő rendelkezését nem teljesíti. Az Ügyfél elhalálozásának tényéről való tudomásszerzést megelőzően, de az Ügyfél halálát követően, a képviselő által kezdeményezett bármely rendelkezésnek az OTP Bank Nyrt. általi teljesítésével összefüggő minden költség, kár, illetve egyéb kötelezettség, jogkövetkezmény az örökösöket és a képviselőt terheli, azért az OTP Bank Nyrt. felelősséget nem vállal."},"meta":{},"created_at":"2025-10-16T12:48:00.250738Z","updated_at":"2025-10-16T13:10:43.073905Z","inner_id":20,"total_annotations":1,"cancelled_annotations":0,"total_predictions":0,"comment_count":0,"unresolved_comment_count":0,"last_comment_updated_at":null,"project":11,"updated_by":8,"comment_authors":[]},{"id":32,"annotations":[{"id":101,"completed_by":8,"result":[{"value":{"choices":["5-Könnyen érthető"]},"id":"fczOZtH1BD","from_name":"sentiment","to_name":"text","type":"choices","origin":"manual"}],"was_cancelled":false,"ground_truth":false,"created_at":"2025-10-16T13:11:14.199671Z","updated_at":"2025-10-16T13:11:14.199682Z","draft_created_at":null,"lead_time":27.233,"prediction":{},"result_count":1,"unique_id":"e1441a0f-879a-4f75-9ee2-5496b9d8537f","import_id":null,"last_action":null,"bulk_created":false,"task":32,"project":11,"updated_by":8,"parent_prediction":null,"parent_annotation":null,"last_created_by":null}],"file_upload":"d1326d7c-otp_aszf.txt","drafts":[],"predictions":[],"data":{"text":"23.1 Az Ügyfél kijelenti, hogy ismeri és betartja az OTP Bankcsoport Szankciós Politikáját és az OTP Bank Nyrt. közreműködésével végrehajtott tranzakciókra mindenkor hatályos jogszabályokat."},"meta":{},"created_at":"2025-10-16T12:48:00.250773Z","updated_at":"2025-10-16T13:11:14.237273Z","inner_id":21,"total_annotations":1,"cancelled_annotations":0,"total_predictions":0,"comment_count":0,"unresolved_comment_count":0,"last_comment_updated_at":null,"project":11,"updated_by":8,"comment_authors":[]},{"id":33,"annotations":[{"id":105,"completed_by":8,"result":[{"value":{"choices":["5-Könnyen érthető"]},"id":"flilf5o6Br","from_name":"sentiment","to_name":"text","type":"choices","origin":"manual"}],"was_cancelled":false,"ground_truth":false,"created_at":"2025-10-16T13:11:52.949119Z","updated_at":"2025-10-16T13:11:52.949130Z","draft_created_at":null,"lead_time":28.832,"prediction":{},"result_count":1,"unique_id":"30a3aaf1-6a01-4d08-91df-4d89177319bd","import_id":null,"last_action":null,"bulk_created":false,"task":33,"project":11,"updated_by":8,"parent_prediction":null,"parent_annotation":null,"last_created_by":null}],"file_upload":"d1326d7c-otp_aszf.txt","drafts":[],"predictions":[],"data":{"text":"4. A kamat, jutalék, díj és költség - ha jogszabály, a szerződés, hirdetmény vagy üzletági üzletszabályzat eltérően nem rendelkezik - utólag a naptári negyedév utolsó napján esedékes. Ha a szerződés bármely ok miatt negyedév közben jár le vagy szűnik meg, az esedékesség ebben az időpontban bekövetkezik."},"meta":{},"created_at":"2025-10-16T12:48:00.250808Z","updated_at":"2025-10-16T13:11:52.973820Z","inner_id":22,"total_annotations":1,"cancelled_annotations":0,"total_predictions":0,"comment_count":0,"unresolved_comment_count":0,"last_comment_updated_at":null,"project":11,"updated_by":8,"comment_authors":[]},{"id":34,"annotations":[{"id":107,"completed_by":8,"result":[{"value":{"choices":["4-Érthető"]},"id":"v7B56Pd58k","from_name":"sentiment","to_name":"text","type":"choices","origin":"manual"}],"was_cancelled":false,"ground_truth":false,"created_at":"2025-10-16T13:12:27.360880Z","updated_at":"2025-10-16T13:12:27.360891Z","draft_created_at":null,"lead_time":32.186,"prediction":{},"result_count":1,"unique_id":"408cf352-4c16-4711-94e8-a67e1d171179","import_id":null,"last_action":null,"bulk_created":false,"task":34,"project":11,"updated_by":8,"parent_prediction":null,"parent_annotation":null,"last_created_by":null}],"file_upload":"d1326d7c-otp_aszf.txt","drafts":[],"predictions":[],"data":{"text":"7. Az OTP Bank Nyrt. a jogszabályi előírásoknak megfelelően az egységes értékpapír hozam mutatót (EHM) is közzéteszi, amennyiben erre jogszabály alapján köteles. Az EHM az egyes értékpapír ajánlatok összehasonlítására, az Ügyfél megfelelő tájékoztatására szolgál."},"meta":{},"created_at":"2025-10-16T12:48:00.250842Z","updated_at":"2025-10-16T13:12:27.385543Z","inner_id":23,"total_annotations":1,"cancelled_annotations":0,"total_predictions":0,"comment_count":0,"unresolved_comment_count":0,"last_comment_updated_at":null,"project":11,"updated_by":8,"comment_authors":[]},{"id":35,"annotations":[{"id":109,"completed_by":8,"result":[{"value":{"choices":["5-Könnyen érthető"]},"id":"i87ruanew3","from_name":"sentiment","to_name":"text","type":"choices","origin":"manual"}],"was_cancelled":false,"ground_truth":false,"created_at":"2025-10-16T13:12:47.663036Z","updated_at":"2025-10-16T13:12:47.663046Z","draft_created_at":null,"lead_time":19.178,"prediction":{},"result_count":1,"unique_id":"31a839ed-1e9d-43e2-a3f4-5efcf3fa3975","import_id":null,"last_action":null,"bulk_created":false,"task":35,"project":11,"updated_by":8,"parent_prediction":null,"parent_annotation":null,"last_created_by":null}],"file_upload":"d1326d7c-otp_aszf.txt","drafts":[],"predictions":[],"data":{"text":"2. Az OTP Bank Nyrt. által vezetett számlák javára történő bármely fizetés (pl. postai befizetés, betételhelyezés, törlesztés stb.) teljesítésének időpontja az a nap, amelyen a pénz az OTP Bank Nyrt.-hez megérkezik, illetve a pénztárba befizetik."},"meta":{},"created_at":"2025-10-16T12:48:00.250877Z","updated_at":"2025-10-16T13:12:47.688647Z","inner_id":24,"total_annotations":1,"cancelled_annotations":0,"total_predictions":0,"comment_count":0,"unresolved_comment_count":0,"last_comment_updated_at":null,"project":11,"updated_by":8,"comment_authors":[]},{"id":36,"annotations":[{"id":115,"completed_by":8,"result":[{"value":{"choices":["4-Érthető"]},"id":"9XsbK_leXA","from_name":"sentiment","to_name":"text","type":"choices","origin":"manual"}],"was_cancelled":false,"ground_truth":false,"created_at":"2025-10-16T13:14:01.909467Z","updated_at":"2025-10-16T13:14:01.909478Z","draft_created_at":"2025-10-16T13:13:54.359427Z","lead_time":72.931,"prediction":{},"result_count":1,"unique_id":"6d8647aa-87e7-4f60-90e2-2af2d2be6fce","import_id":null,"last_action":null,"bulk_created":false,"task":36,"project":11,"updated_by":8,"parent_prediction":null,"parent_annotation":null,"last_created_by":null}],"file_upload":"d1326d7c-otp_aszf.txt","drafts":[],"predictions":[],"data":{"text":"1. Az OTP Bank Nyrt. az egyes Ügyfeleiről rendelkezésére álló minden olyan adatot, tényt, információt, amely az Ügyfél személyére, adataira, vagyoni helyzetére, üzleti tevékenységére, gazdálkodására, tulajdonosi, üzleti kapcsolataira, valamint számlájának egyenlegére, forgalmára, továbbá a bankkal kötött szerződésére vonatkozik, - az ügylet jellegétől függően – banktitokként, illetve értékpapírtitokként kezel. Természetes személyek ezen adatai vonatkozásában a személyes adatok védelmére vonatkozó szabályok is alkalmazandók."},"meta":{},"created_at":"2025-10-16T12:48:00.250912Z","updated_at":"2025-10-16T13:14:01.935505Z","inner_id":25,"total_annotations":1,"cancelled_annotations":0,"total_predictions":0,"comment_count":0,"unresolved_comment_count":0,"last_comment_updated_at":null,"project":11,"updated_by":8,"comment_authors":[]},{"id":37,"annotations":[{"id":119,"completed_by":8,"result":[{"value":{"choices":["5-Könnyen érthető"]},"id":"cdfSax1Dev","from_name":"sentiment","to_name":"text","type":"choices","origin":"manual"}],"was_cancelled":false,"ground_truth":false,"created_at":"2025-10-16T13:14:44.589065Z","updated_at":"2025-10-16T13:14:44.589078Z","draft_created_at":null,"lead_time":41.285,"prediction":{},"result_count":1,"unique_id":"d1ad3524-82e6-4dae-9ac4-cb24d7a050cd","import_id":null,"last_action":null,"bulk_created":false,"task":37,"project":11,"updated_by":8,"parent_prediction":null,"parent_annotation":null,"last_created_by":null}],"file_upload":"d1326d7c-otp_aszf.txt","drafts":[],"predictions":[],"data":{"text":"2. A titoktartási kötelezettség – időbeli korlátozás nélkül – az OTP Bank Nyrt. minden vezető tisztségviselőjére és alkalmazottjára, valamint mindazokra vonatkozik, akik az Ügyfelekkel kapcsolatos információkhoz az OTP Bank Nyrt.-vel kapcsolatos tevékenységük során bármilyen módon jutottak hozzá."},"meta":{},"created_at":"2025-10-16T12:48:00.250947Z","updated_at":"2025-10-16T13:14:44.617328Z","inner_id":26,"total_annotations":1,"cancelled_annotations":0,"total_predictions":0,"comment_count":0,"unresolved_comment_count":0,"last_comment_updated_at":null,"project":11,"updated_by":8,"comment_authors":[]},{"id":38,"annotations":[{"id":127,"completed_by":8,"result":[{"value":{"choices":["2-Nehezen érthető"]},"id":"GPljxYhvYP","from_name":"sentiment","to_name":"text","type":"choices","origin":"manual"}],"was_cancelled":false,"ground_truth":false,"created_at":"2025-10-16T13:16:02.179739Z","updated_at":"2025-10-16T13:16:02.179750Z","draft_created_at":null,"lead_time":75.941,"prediction":{},"result_count":1,"unique_id":"455ba0fd-0d89-4c9b-b0e7-814dbd51f9a5","import_id":null,"last_action":null,"bulk_created":false,"task":38,"project":11,"updated_by":8,"parent_prediction":null,"parent_annotation":null,"last_created_by":null}],"file_upload":"d1326d7c-otp_aszf.txt","drafts":[],"predictions":[],"data":{"text":"2. Az okmányok kiszolgáltatása és fizetés esetén az OTP Bank Nyrt. annak teljesít, akit iratainak megvizsgálása alapján az okmányok, illetve a fizetés elfogadására jogosultnak tart."},"meta":{},"created_at":"2025-10-16T12:48:00.250982Z","updated_at":"2025-10-16T13:16:02.208457Z","inner_id":27,"total_annotations":1,"cancelled_annotations":0,"total_predictions":0,"comment_count":0,"unresolved_comment_count":0,"last_comment_updated_at":null,"project":11,"updated_by":8,"comment_authors":[]},{"id":39,"annotations":[{"id":131,"completed_by":8,"result":[{"value":{"choices":["2-Nehezen érthető"]},"id":"K_XhsMsZL9","from_name":"sentiment","to_name":"text","type":"choices","origin":"manual"}],"was_cancelled":false,"ground_truth":false,"created_at":"2025-10-16T13:17:01.116956Z","updated_at":"2025-10-16T13:17:01.116970Z","draft_created_at":null,"lead_time":57.398,"prediction":{},"result_count":1,"unique_id":"a48f26fd-dbdf-4b46-b2de-d2be98369d59","import_id":null,"last_action":null,"bulk_created":false,"task":39,"project":11,"updated_by":8,"parent_prediction":null,"parent_annotation":null,"last_created_by":null}],"file_upload":"d1326d7c-otp_aszf.txt","drafts":[],"predictions":[],"data":{"text":"3. Az OTP Bank Nyrt. elvárható gondossággal vizsgálja a személyazonosság, a képviseleti jogosultság vagy a meghatalmazás igazolására bemutatott okmányokat. Ezek valódiságáért, illetőleg hamis vagy hamisított voltának gondos vizsgálata melletti fel nem ismerhetőségéért nem vállal felelősséget. Az OTP Bank Nyrt. nem felel az elvárható gondos vizsgálat során sem felismerhető hamis vagy hamisított megbízás teljesítésének következményeiért."},"meta":{},"created_at":"2025-10-16T12:48:00.251017Z","updated_at":"2025-10-16T13:17:01.143942Z","inner_id":28,"total_annotations":1,"cancelled_annotations":0,"total_predictions":0,"comment_count":0,"unresolved_comment_count":0,"last_comment_updated_at":null,"project":11,"updated_by":8,"comment_authors":[]}]