[{"id":5,"annotations":[{"id":1,"completed_by":1,"result":[{"value":{"choices":["5-Könnyen érthető"]},"id":"vZ-zb9VdFP","from_name":"sentiment","to_name":"text","type":"choices","origin":"manual"}],"was_cancelled":false,"ground_truth":false,"created_at":"2025-10-16T12:49:30.381785Z","updated_at":"2025-10-16T12:49:30.381832Z","draft_created_at":null,"lead_time":11.789,"prediction":{},"result_count":1,"unique_id":"9a9b2b51-67fd-40a5-8fbd-85be39ec5832","import_id":null,"last_action":null,"bulk_created":false,"task":5,"project":1,"updated_by":1,"parent_prediction":null,"parent_annotation":null,"last_created_by":null}],"file_upload":"2868e747-KH_aszf.txt","drafts":[],"predictions":[],"data":{"text":"Elektronikus banki művelet: Minden olyan megbízás és értesítés, amelyet az Ügyfél\/Felhasználó közvetlenül számítógépes kommunikáció alkalmazásával, legalább részben elektronikus jelek formájában ad meg a Bank számára. Az elektronikus banki műveletek során az Ügyfél az aláírását a Bank által jóváhagyott formátumú személyazonosító kódolással helyettesíti."},"meta":{},"created_at":"2025-10-16T12:47:26.249152Z","updated_at":"2025-10-16T12:49:30.921327Z","inner_id":5,"total_annotations":1,"cancelled_annotations":0,"total_predictions":0,"comment_count":0,"unresolved_comment_count":0,"last_comment_updated_at":null,"project":1,"updated_by":1,"comment_authors":[]},{"id":6,"annotations":[{"id":2,"completed_by":1,"result":[{"value":{"choices":["4-Érthető"]},"id":"CiN2xFr-Py","from_name":"sentiment","to_name":"text","type":"choices","origin":"manual"}],"was_cancelled":false,"ground_truth":false,"created_at":"2025-10-16T12:49:42.819375Z","updated_at":"2025-10-16T12:49:42.819423Z","draft_created_at":null,"lead_time":9.235,"prediction":{},"result_count":1,"unique_id":"12571b42-eee0-4a53-8958-6883fe759a1f","import_id":null,"last_action":null,"bulk_created":false,"task":6,"project":1,"updated_by":1,"parent_prediction":null,"parent_annotation":null,"last_created_by":null}],"file_upload":"2868e747-KH_aszf.txt","drafts":[],"predictions":[],"data":{"text":"Felhasználó: K&H vállalkozói e-bank szolgáltatás esetében az Ügyfél által, a szolgáltatásra irányadó feltételek szerint elektronikus banki műveletek végzésére felhatalmazott bármely személy."},"meta":{},"created_at":"2025-10-16T12:47:26.249443Z","updated_at":"2025-10-16T12:49:43.390875Z","inner_id":6,"total_annotations":1,"cancelled_annotations":0,"total_predictions":0,"comment_count":0,"unresolved_comment_count":0,"last_comment_updated_at":null,"project":1,"updated_by":1,"comment_authors":[]},{"id":7,"annotations":[{"id":3,"completed_by":1,"result":[{"value":{"choices":["4-Érthető"]},"id":"D7ZQv6-K3I","from_name":"sentiment","to_name":"text","type":"choices","origin":"manual"}],"was_cancelled":false,"ground_truth":false,"created_at":"2025-10-16T12:51:36.781811Z","updated_at":"2025-10-16T12:51:36.781852Z","draft_created_at":null,"lead_time":8.183,"prediction":{},"result_count":1,"unique_id":"ec0cc412-4bee-4d6c-a80c-8bb4d4d8ea28","import_id":null,"last_action":null,"bulk_created":false,"task":7,"project":1,"updated_by":1,"parent_prediction":null,"parent_annotation":null,"last_created_by":null}],"file_upload":"2868e747-KH_aszf.txt","drafts":[],"predictions":[],"data":{"text":"Hirdetmény: A Bank által az ügyfélforgalom számára nyitva álló helyiségében, a szolgáltatások igénybevételeinek feltételeit tartalmazó közlemény. A Hirdetmény tartalmazza többek között a szolgáltatások tartalmát, az igénybevételéhez szükséges eszközök paramétereit, illetve a díjakat, jutalékokat."},"meta":{},"created_at":"2025-10-16T12:47:26.249718Z","updated_at":"2025-10-16T12:51:37.286112Z","inner_id":7,"total_annotations":1,"cancelled_annotations":0,"total_predictions":0,"comment_count":0,"unresolved_comment_count":0,"last_comment_updated_at":null,"project":1,"updated_by":1,"comment_authors":[]},{"id":8,"annotations":[{"id":4,"completed_by":1,"result":[{"value":{"choices":["5-Könnyen érthető"]},"id":"Dz7tPgfl7F","from_name":"sentiment","to_name":"text","type":"choices","origin":"manual"}],"was_cancelled":false,"ground_truth":false,"created_at":"2025-10-16T12:51:45.856602Z","updated_at":"2025-10-16T12:51:45.856657Z","draft_created_at":null,"lead_time":5.656,"prediction":{},"result_count":1,"unique_id":"677331f2-0b79-44c1-a437-c206942cc910","import_id":null,"last_action":null,"bulk_created":false,"task":8,"project":1,"updated_by":1,"parent_prediction":null,"parent_annotation":null,"last_created_by":null}],"file_upload":"2868e747-KH_aszf.txt","drafts":[],"predictions":[],"data":{"text":"Hozzáférési jog: A Felhasználó azon joga, mely egyértelműen meghatározza, hogy a Felhasználó a K&H e-bank szolgáltatás keretében milyen típusú elektronikus banki műveleteket végezhet."},"meta":{},"created_at":"2025-10-16T12:47:26.250063Z","updated_at":"2025-10-16T12:51:46.346947Z","inner_id":8,"total_annotations":1,"cancelled_annotations":0,"total_predictions":0,"comment_count":0,"unresolved_comment_count":0,"last_comment_updated_at":null,"project":1,"updated_by":1,"comment_authors":[]},{"id":9,"annotations":[{"id":5,"completed_by":1,"result":[{"value":{"choices":["5-Könnyen érthető"]},"id":"7UOeAgTZyp","from_name":"sentiment","to_name":"text","type":"choices","origin":"manual"}],"was_cancelled":false,"ground_truth":false,"created_at":"2025-10-16T12:53:15.026526Z","updated_at":"2025-10-16T12:53:15.026579Z","draft_created_at":null,"lead_time":83.614,"prediction":{},"result_count":1,"unique_id":"5726d4b5-333b-43fc-a55d-82115832793e","import_id":null,"last_action":null,"bulk_created":false,"task":9,"project":1,"updated_by":1,"parent_prediction":null,"parent_annotation":null,"last_created_by":null}],"file_upload":"2868e747-KH_aszf.txt","drafts":[],"predictions":[],"data":{"text":"Induló sms aktivizáló kód: A Bank az Ügyfél részére az e-azonosító számmal együtt átadott egyszer használatos jelszó, amelynek megküldésével az Ügyfél aktiválja az e-azonosító számát és megkapja az e- bank felületre történő első belépéshez szükséges egyszer használatos jelszót a banktól sms-ben."},"meta":{},"created_at":"2025-10-16T12:47:26.250413Z","updated_at":"2025-10-16T12:53:15.561314Z","inner_id":9,"total_annotations":1,"cancelled_annotations":0,"total_predictions":0,"comment_count":0,"unresolved_comment_count":0,"last_comment_updated_at":null,"project":1,"updated_by":1,"comment_authors":[]},{"id":10,"annotations":[{"id":6,"completed_by":1,"result":[{"value":{"choices":["4-Érthető"]},"id":"-MTkWf2ymg","from_name":"sentiment","to_name":"text","type":"choices","origin":"manual"}],"was_cancelled":false,"ground_truth":false,"created_at":"2025-10-16T12:53:27.833247Z","updated_at":"2025-10-16T12:53:27.833302Z","draft_created_at":null,"lead_time":6.804,"prediction":{},"result_count":1,"unique_id":"c2553786-2269-4532-aed8-61cc101c7927","import_id":null,"last_action":null,"bulk_created":false,"task":10,"project":1,"updated_by":1,"parent_prediction":null,"parent_annotation":null,"last_created_by":null}],"file_upload":"2868e747-KH_aszf.txt","drafts":[],"predictions":[],"data":{"text":"K&H e-bank szolgáltatás: A Bank által az Ügyfelek részére nyújtott szolgáltatás, amely során az Ügyfelek a kapcsolódó kondíciókról az ide vonatkozó Hirdetményekben meghatározott, és K&H lakossági e-bank szolgáltatás esetén az https:\/\/ebank.khb.hu\/lakossag, K&H trambulin e-bank szolgáltatás esetén az https:\/\/ebank.khb.hu\/trambulin, K&H vállalkozói e-bank szolgáltatás esetén a https:\/\/ebank.khb.hu\/vallalat internetes címen elérhető szolgáltatásokat vehetik igénybe."},"meta":{},"created_at":"2025-10-16T12:47:26.250634Z","updated_at":"2025-10-16T12:53:28.336793Z","inner_id":10,"total_annotations":1,"cancelled_annotations":0,"total_predictions":0,"comment_count":0,"unresolved_comment_count":0,"last_comment_updated_at":null,"project":1,"updated_by":1,"comment_authors":[]},{"id":11,"annotations":[{"id":7,"completed_by":1,"result":[{"value":{"choices":["4-Érthető"]},"id":"Nzty_ahENa","from_name":"sentiment","to_name":"text","type":"choices","origin":"manual"}],"was_cancelled":false,"ground_truth":false,"created_at":"2025-10-16T12:53:37.856143Z","updated_at":"2025-10-16T12:53:37.856202Z","draft_created_at":null,"lead_time":5.188,"prediction":{},"result_count":1,"unique_id":"ada9e156-6bf6-4415-b9d4-d141f41409b1","import_id":null,"last_action":null,"bulk_created":false,"task":11,"project":1,"updated_by":1,"parent_prediction":null,"parent_annotation":null,"last_created_by":null}],"file_upload":"2868e747-KH_aszf.txt","drafts":[],"predictions":[],"data":{"text":"Meghajtó program: A chipkártya-olvasó üzemeltetéséhez szükséges program."},"meta":{},"created_at":"2025-10-16T12:47:26.250850Z","updated_at":"2025-10-16T12:53:38.362148Z","inner_id":11,"total_annotations":1,"cancelled_annotations":0,"total_predictions":0,"comment_count":0,"unresolved_comment_count":0,"last_comment_updated_at":null,"project":1,"updated_by":1,"comment_authors":[]},{"id":12,"annotations":[{"id":8,"completed_by":1,"result":[{"value":{"choices":["5-Könnyen érthető"]},"id":"XuEdMVp1TZ","from_name":"sentiment","to_name":"text","type":"choices","origin":"manual"}],"was_cancelled":false,"ground_truth":false,"created_at":"2025-10-16T12:53:50.996619Z","updated_at":"2025-10-16T12:53:50.996665Z","draft_created_at":null,"lead_time":8.529,"prediction":{},"result_count":1,"unique_id":"5f8c3eef-81c0-4d58-8e5e-103fa21e57dc","import_id":null,"last_action":null,"bulk_created":false,"task":12,"project":1,"updated_by":1,"parent_prediction":null,"parent_annotation":null,"last_created_by":null}],"file_upload":"2868e747-KH_aszf.txt","drafts":[],"predictions":[],"data":{"text":"Minimális konfiguráció: A szolgáltatás igénybevételéhez szükséges minimális technikai feltételek."},"meta":{},"created_at":"2025-10-16T12:47:26.251053Z","updated_at":"2025-10-16T12:53:51.546140Z","inner_id":12,"total_annotations":1,"cancelled_annotations":0,"total_predictions":0,"comment_count":0,"unresolved_comment_count":0,"last_comment_updated_at":null,"project":1,"updated_by":1,"comment_authors":[]},{"id":13,"annotations":[{"id":9,"completed_by":1,"result":[{"value":{"choices":["5-Könnyen érthető"]},"id":"48CLDC2QEd","from_name":"sentiment","to_name":"text","type":"choices","origin":"manual"}],"was_cancelled":false,"ground_truth":false,"created_at":"2025-10-16T12:56:28.743124Z","updated_at":"2025-10-16T12:56:28.743193Z","draft_created_at":null,"lead_time":151.95,"prediction":{},"result_count":1,"unique_id":"32442792-4df8-4868-86f3-99df59b9cd70","import_id":null,"last_action":null,"bulk_created":false,"task":13,"project":1,"updated_by":1,"parent_prediction":null,"parent_annotation":null,"last_created_by":null}],"file_upload":"2868e747-KH_aszf.txt","drafts":[],"predictions":[],"data":{"text":"Nyilvános helyen történő üzemeltetés: Bármely a banki, illetőleg az otthoni számítógép-használat körén kívül eső hely."},"meta":{},"created_at":"2025-10-16T12:47:26.251262Z","updated_at":"2025-10-16T12:56:29.384607Z","inner_id":13,"total_annotations":1,"cancelled_annotations":0,"total_predictions":0,"comment_count":0,"unresolved_comment_count":0,"last_comment_updated_at":null,"project":1,"updated_by":1,"comment_authors":[]},{"id":14,"annotations":[{"id":10,"completed_by":1,"result":[{"value":{"choices":["5-Könnyen érthető"]},"id":"Hj8aiQGbnS","from_name":"sentiment","to_name":"text","type":"choices","origin":"manual"}],"was_cancelled":false,"ground_truth":false,"created_at":"2025-10-16T12:56:41.051546Z","updated_at":"2025-10-16T12:56:41.051596Z","draft_created_at":null,"lead_time":7.083,"prediction":{},"result_count":1,"unique_id":"606a4389-74ac-48c2-b395-a30c9fb9ecf0","import_id":null,"last_action":null,"bulk_created":false,"task":14,"project":1,"updated_by":1,"parent_prediction":null,"parent_annotation":null,"last_created_by":null}],"file_upload":"2868e747-KH_aszf.txt","drafts":[],"predictions":[],"data":{"text":"Olvasó: A szolgáltatás igénybevételéhez szükséges chipkártya-olvasó."},"meta":{},"created_at":"2025-10-16T12:47:26.257244Z","updated_at":"2025-10-16T12:56:41.527606Z","inner_id":14,"total_annotations":1,"cancelled_annotations":0,"total_predictions":0,"comment_count":0,"unresolved_comment_count":0,"last_comment_updated_at":null,"project":1,"updated_by":1,"comment_authors":[]},{"id":15,"annotations":[{"id":11,"completed_by":1,"result":[{"value":{"choices":["4-Érthető"]},"id":"n7DceMxbPo","from_name":"sentiment","to_name":"text","type":"choices","origin":"manual"}],"was_cancelled":false,"ground_truth":false,"created_at":"2025-10-16T12:56:54.350531Z","updated_at":"2025-10-16T12:56:54.350584Z","draft_created_at":null,"lead_time":9.702,"prediction":{},"result_count":1,"unique_id":"ab42222a-dd93-4e57-8d07-c508dc1b611c","import_id":null,"last_action":null,"bulk_created":false,"task":15,"project":1,"updated_by":1,"parent_prediction":null,"parent_annotation":null,"last_created_by":null}],"file_upload":"2868e747-KH_aszf.txt","drafts":[],"predictions":[],"data":{"text":"PIN kód (Personal Identification Number): Az a szigorú biztonsági előírások mellett készített, újra elő nem állítható, adott személyre vonatkozó titkos személyi azonosító kód, amelyet a Bank az Ügyfél\/Felhasználó részére eljuttat, és amely lehetővé teszi az azonosító kártya használatával a szolgáltatás igénybevételét."},"meta":{},"created_at":"2025-10-16T12:47:26.259939Z","updated_at":"2025-10-16T12:56:54.898941Z","inner_id":15,"total_annotations":1,"cancelled_annotations":0,"total_predictions":0,"comment_count":0,"unresolved_comment_count":0,"last_comment_updated_at":null,"project":1,"updated_by":1,"comment_authors":[]},{"id":16,"annotations":[{"id":12,"completed_by":1,"result":[{"value":{"choices":["4-Érthető"]},"id":"apCticxDsX","from_name":"sentiment","to_name":"text","type":"choices","origin":"manual"}],"was_cancelled":false,"ground_truth":false,"created_at":"2025-10-16T12:58:29.358610Z","updated_at":"2025-10-16T12:58:29.358681Z","draft_created_at":null,"lead_time":90.62,"prediction":{},"result_count":1,"unique_id":"bdb1c656-bf98-4759-97ab-b68b894e1735","import_id":null,"last_action":null,"bulk_created":false,"task":16,"project":1,"updated_by":1,"parent_prediction":null,"parent_annotation":null,"last_created_by":null}],"file_upload":"2868e747-KH_aszf.txt","drafts":[],"predictions":[],"data":{"text":"Ügyfél: A szolgáltatás alapjául szolgáló bankszámlaszerződéssel rendelkező természetes személy, illetve gazdálkodó és egyéb szervezetek."},"meta":{},"created_at":"2025-10-16T12:47:26.262354Z","updated_at":"2025-10-16T12:58:29.846685Z","inner_id":16,"total_annotations":1,"cancelled_annotations":0,"total_predictions":0,"comment_count":0,"unresolved_comment_count":0,"last_comment_updated_at":null,"project":1,"updated_by":1,"comment_authors":[]},{"id":17,"annotations":[{"id":13,"completed_by":1,"result":[{"value":{"choices":["3-Többé\/kevésbé megértem"]},"id":"nhB1LK-nFx","from_name":"sentiment","to_name":"text","type":"choices","origin":"manual"}],"was_cancelled":false,"ground_truth":false,"created_at":"2025-10-16T12:59:07.702637Z","updated_at":"2025-10-16T12:59:07.702707Z","draft_created_at":null,"lead_time":19.023,"prediction":{},"result_count":1,"unique_id":"7c225778-b9d4-40ce-9d02-e6799905cd73","import_id":null,"last_action":null,"bulk_created":false,"task":17,"project":1,"updated_by":1,"parent_prediction":null,"parent_annotation":null,"last_created_by":null}],"file_upload":"2868e747-KH_aszf.txt","drafts":[],"predictions":[],"data":{"text":"Üzemeltető: Az, aki a Banktól függetlenül biztosítja a szolgáltatás eléréséhez szükséges, Hirdetményben meghatározott eszközöket."},"meta":{},"created_at":"2025-10-16T12:47:26.262848Z","updated_at":"2025-10-16T12:59:08.232154Z","inner_id":17,"total_annotations":1,"cancelled_annotations":0,"total_predictions":0,"comment_count":0,"unresolved_comment_count":0,"last_comment_updated_at":null,"project":1,"updated_by":1,"comment_authors":[]},{"id":19,"annotations":[{"id":14,"completed_by":1,"result":[{"value":{"choices":["3-Többé\/kevésbé megértem"]},"id":"6FJHeBWdFo","from_name":"sentiment","to_name":"text","type":"choices","origin":"manual"}],"was_cancelled":false,"ground_truth":false,"created_at":"2025-10-16T13:00:18.339749Z","updated_at":"2025-10-16T13:00:18.339793Z","draft_created_at":null,"lead_time":66.237,"prediction":{},"result_count":1,"unique_id":"4998f549-5e75-4101-9384-7e573bb67873","import_id":null,"last_action":null,"bulk_created":false,"task":19,"project":1,"updated_by":1,"parent_prediction":null,"parent_annotation":null,"last_created_by":null}],"file_upload":"2868e747-KH_aszf.txt","drafts":[],"predictions":[],"data":{"text":"2.1 A Bank a vonatkozó ÁSZF, a vonatkozó Hirdetmény és a Bank Üzletszabályzatának Ügyfél\/Felhasználó általi elfogadásával K&H e-bank szolgáltatást nyújt az Ügyfél\/Felhasználó részére, s e szolgáltatások igénybevételéhez – az Ügyfél rendelkezésének megfelelően – e-bank azonosító kártyát vagy – az ügyfél választása szerint - e-azonosító számot bocsát ki."},"meta":{},"created_at":"2025-10-16T12:47:26.263539Z","updated_at":"2025-10-16T13:00:18.853014Z","inner_id":19,"total_annotations":1,"cancelled_annotations":0,"total_predictions":0,"comment_count":0,"unresolved_comment_count":0,"last_comment_updated_at":null,"project":1,"updated_by":1,"comment_authors":[]},{"id":20,"annotations":[{"id":15,"completed_by":1,"result":[{"value":{"choices":["4-Érthető"]},"id":"kbfYDpkOwH","from_name":"sentiment","to_name":"text","type":"choices","origin":"manual"}],"was_cancelled":false,"ground_truth":false,"created_at":"2025-10-16T13:07:09.865126Z","updated_at":"2025-10-16T13:07:09.865229Z","draft_created_at":null,"lead_time":109.081,"prediction":{},"result_count":1,"unique_id":"610b08be-4195-4458-b744-c2f7d1e8acd2","import_id":null,"last_action":null,"bulk_created":false,"task":20,"project":1,"updated_by":1,"parent_prediction":null,"parent_annotation":null,"last_created_by":null}],"file_upload":"2868e747-KH_aszf.txt","drafts":[],"predictions":[],"data":{"text":"2.2 Az Ügyfél köteles rendelkezni az e-bank szolgáltatás igénybevételéhez szükséges, a Bank által meghatározott berendezésekkel, illetőleg ilyen berendezések használatára jogosultnak kell lennie. Ezen berendezések valamint a szolgáltatás igénybevételéhez szükséges egyéb eszközök műszaki jellemzőit, használatát az Ügyfél köteles megismerni."},"meta":{},"created_at":"2025-10-16T12:47:26.263977Z","updated_at":"2025-10-16T13:07:10.488684Z","inner_id":20,"total_annotations":1,"cancelled_annotations":0,"total_predictions":0,"comment_count":0,"unresolved_comment_count":0,"last_comment_updated_at":null,"project":1,"updated_by":1,"comment_authors":[]},{"id":21,"annotations":[{"id":16,"completed_by":1,"result":[{"value":{"choices":["3-Többé\/kevésbé megértem"]},"id":"KXk70mK6oK","from_name":"sentiment","to_name":"text","type":"choices","origin":"manual"}],"was_cancelled":false,"ground_truth":false,"created_at":"2025-10-16T13:07:31.037344Z","updated_at":"2025-10-16T13:07:31.037409Z","draft_created_at":null,"lead_time":17.173,"prediction":{},"result_count":1,"unique_id":"4ec8e2ad-022a-454e-b467-6fea87c48770","import_id":null,"last_action":null,"bulk_created":false,"task":21,"project":1,"updated_by":1,"parent_prediction":null,"parent_annotation":null,"last_created_by":null}],"file_upload":"2868e747-KH_aszf.txt","drafts":[],"predictions":[],"data":{"text":"2.3 Az Ügyfél\/Felhasználó az e-bank szolgáltatás keretében banki szolgáltatásokat vehet igénybe. A szolgáltatási kört a Bank ügyfélforgalom számára nyitva álló helyiségeiben és az interneten közzétett Hirdetmény tartalmazza."},"meta":{},"created_at":"2025-10-16T12:47:26.264276Z","updated_at":"2025-10-16T13:07:31.604965Z","inner_id":21,"total_annotations":1,"cancelled_annotations":0,"total_predictions":0,"comment_count":0,"unresolved_comment_count":0,"last_comment_updated_at":null,"project":1,"updated_by":1,"comment_authors":[]},{"id":22,"annotations":[{"id":17,"completed_by":1,"result":[{"value":{"choices":["3-Többé\/kevésbé megértem"]},"id":"VDukjfgLM0","from_name":"sentiment","to_name":"text","type":"choices","origin":"manual"}],"was_cancelled":false,"ground_truth":false,"created_at":"2025-10-16T13:08:12.548212Z","updated_at":"2025-10-16T13:08:12.548269Z","draft_created_at":null,"lead_time":37.167,"prediction":{},"result_count":1,"unique_id":"8cf14f21-c1b0-4a39-96e2-4c3ffe4dc819","import_id":null,"last_action":null,"bulk_created":false,"task":22,"project":1,"updated_by":1,"parent_prediction":null,"parent_annotation":null,"last_created_by":null}],"file_upload":"2868e747-KH_aszf.txt","drafts":[],"predictions":[],"data":{"text":"2.4 A Bank a szolgáltatások igénybevételéért a Hirdetményben meghatározott díjakat, költségeket vagy jutalékokat számítja fel. A Bank jogosult az esedékes díjakat, jutalékokat illetve költségeket a Hirdetményben meghatározott időpontban az Ügyfél bankszámlájára terhelni. A Hirdetményben közzétett díjak, költségek, jutalékok nem tartalmazzák a szolgáltatások igénybevételével végrehajtott tranzakcióknak a vonatkozó Hirdetményben meghatározott mértékű díjait, költségeit, jutalékait."},"meta":{},"created_at":"2025-10-16T12:47:26.264503Z","updated_at":"2025-10-16T13:08:13.074392Z","inner_id":22,"total_annotations":1,"cancelled_annotations":0,"total_predictions":0,"comment_count":0,"unresolved_comment_count":0,"last_comment_updated_at":null,"project":1,"updated_by":1,"comment_authors":[]},{"id":23,"annotations":[{"id":18,"completed_by":1,"result":[{"value":{"choices":["3-Többé\/kevésbé megértem"]},"id":"zD_b1ra1WN","from_name":"sentiment","to_name":"text","type":"choices","origin":"manual"}],"was_cancelled":false,"ground_truth":false,"created_at":"2025-10-16T13:08:48.394418Z","updated_at":"2025-10-16T13:08:48.394483Z","draft_created_at":null,"lead_time":32.401,"prediction":{},"result_count":1,"unique_id":"e20d8ad3-100e-4a41-8a4e-3a10604339be","import_id":null,"last_action":null,"bulk_created":false,"task":23,"project":1,"updated_by":1,"parent_prediction":null,"parent_annotation":null,"last_created_by":null}],"file_upload":"2868e747-KH_aszf.txt","drafts":[],"predictions":[],"data":{"text":"2.5 Az Ügyfél a Bankkal szemben, a jelen ÁSZF alapján keletkező valamennyi fizetési kötelezettségének köteles esedékességkor, illetve felmerülésekor eleget tenni. A Bank jogosult arra, hogy az Ügyféllel szemben keletkező követelését az Ügyfél banknál vezetett bármely számlájával szemben elszámolja, illetve az Ügyfél egyéb számláján alapuló, vagy a Bankkal szemben egyébként fennálló követelésébe beszámítsa."},"meta":{},"created_at":"2025-10-16T12:47:26.264730Z","updated_at":"2025-10-16T13:08:48.951008Z","inner_id":23,"total_annotations":1,"cancelled_annotations":0,"total_predictions":0,"comment_count":0,"unresolved_comment_count":0,"last_comment_updated_at":null,"project":1,"updated_by":1,"comment_authors":[]},{"id":24,"annotations":[{"id":19,"completed_by":1,"result":[{"value":{"choices":["4-Érthető"]},"id":"ArFQOGmAA8","from_name":"sentiment","to_name":"text","type":"choices","origin":"manual"}],"was_cancelled":false,"ground_truth":false,"created_at":"2025-10-16T13:09:21.925977Z","updated_at":"2025-10-16T13:09:21.926019Z","draft_created_at":null,"lead_time":29.625,"prediction":{},"result_count":1,"unique_id":"6396f180-a59d-446a-84fd-acebd4899096","import_id":null,"last_action":null,"bulk_created":false,"task":24,"project":1,"updated_by":1,"parent_prediction":null,"parent_annotation":null,"last_created_by":null}],"file_upload":"2868e747-KH_aszf.txt","drafts":[],"predictions":[],"data":{"text":"2.6 A szolgáltatás igénybevételére az Ügyfél\/Felhasználó attól a naptól kezdve jogosult, amely napon a szolgáltatás igénybevételéhez szükséges e-bank azonosító kártyát, valamint a PIN kódot átvette, illetőleg e-azonosító szám igénylése esetén az e-azonosító számról és a hozzá kapcsolódó induló sms aktivizáló kódról az igénylés és a Bank által kibocsátott tájékoztató levél egy példányának átvételekor értesült."},"meta":{},"created_at":"2025-10-16T12:47:26.264953Z","updated_at":"2025-10-16T13:09:22.427985Z","inner_id":24,"total_annotations":1,"cancelled_annotations":0,"total_predictions":0,"comment_count":0,"unresolved_comment_count":0,"last_comment_updated_at":null,"project":1,"updated_by":1,"comment_authors":[]},{"id":25,"annotations":[{"id":20,"completed_by":1,"result":[{"value":{"choices":["3-Többé\/kevésbé megértem"]},"id":"lwERF3NiNB","from_name":"sentiment","to_name":"text","type":"choices","origin":"manual"}],"was_cancelled":false,"ground_truth":false,"created_at":"2025-10-16T13:09:33.018994Z","updated_at":"2025-10-16T13:09:33.019042Z","draft_created_at":null,"lead_time":6.592,"prediction":{},"result_count":1,"unique_id":"8199cb41-ca8e-4b90-ba83-cf9c2d2e2cee","import_id":null,"last_action":null,"bulk_created":false,"task":25,"project":1,"updated_by":1,"parent_prediction":null,"parent_annotation":null,"last_created_by":null}],"file_upload":"2868e747-KH_aszf.txt","drafts":[],"predictions":[],"data":{"text":"2.7 A Bank az e-bank azonosító kártya, az e-azonosító szám valamint a szolgáltatás igénybevételéhez szükséges chipkártya-olvasó átvételéről és módjáról értesíti az Ügyfelet\/Felhasználót. Amennyiben az Ügyfél a Bank mindenkori értesítése alapján nem veszi át az elkészített e-bank azonosító kártyát, illetve az e-azonosító számot, a Bank az ebből származó károkért (különösen az e-bank azonosító kártya, illetve e-azonosító szám használati idejének rövidülése) felelősséget nem vállal. A Bank az át nem vett e-bank azonosító kártya, illetve e-azonosító szám vonatkozásában is érvényesíti az e-bank azonosító kártya, illetve e-azonosító szám Hirdetményben meghatározott díját."},"meta":{},"created_at":"2025-10-16T12:47:26.265175Z","updated_at":"2025-10-16T13:09:33.752344Z","inner_id":25,"total_annotations":1,"cancelled_annotations":0,"total_predictions":0,"comment_count":0,"unresolved_comment_count":0,"last_comment_updated_at":null,"project":1,"updated_by":1,"comment_authors":[]},{"id":26,"annotations":[{"id":21,"completed_by":1,"result":[{"value":{"choices":["4-Érthető"]},"id":"oUQ4x-RT6p","from_name":"sentiment","to_name":"text","type":"choices","origin":"manual"}],"was_cancelled":false,"ground_truth":false,"created_at":"2025-10-16T13:09:58.736314Z","updated_at":"2025-10-16T13:09:58.736353Z","draft_created_at":null,"lead_time":21.47,"prediction":{},"result_count":1,"unique_id":"4c284e4b-7f86-4376-9a2c-7d9dd8c19253","import_id":null,"last_action":null,"bulk_created":false,"task":26,"project":1,"updated_by":1,"parent_prediction":null,"parent_annotation":null,"last_created_by":null}],"file_upload":"2868e747-KH_aszf.txt","drafts":[],"predictions":[],"data":{"text":"2.8 Az Ügyfél\/Felhasználó az ÁSZF-nek megfelelően igénybe vett szolgáltatás esetén a beazonosítást követően adott utasításokat sajátjaként ismeri el, azokért teljes felelősséget vállal."},"meta":{},"created_at":"2025-10-16T12:47:26.265395Z","updated_at":"2025-10-16T13:09:59.207689Z","inner_id":26,"total_annotations":1,"cancelled_annotations":0,"total_predictions":0,"comment_count":0,"unresolved_comment_count":0,"last_comment_updated_at":null,"project":1,"updated_by":1,"comment_authors":[]},{"id":27,"annotations":[{"id":22,"completed_by":1,"result":[{"value":{"choices":["4-Érthető"]},"id":"wIL6a5dajR","from_name":"sentiment","to_name":"text","type":"choices","origin":"manual"}],"was_cancelled":false,"ground_truth":false,"created_at":"2025-10-16T13:10:08.766489Z","updated_at":"2025-10-16T13:10:08.766542Z","draft_created_at":null,"lead_time":6.285,"prediction":{},"result_count":1,"unique_id":"7a0e1cfd-50a7-42c1-9596-922d77d36b09","import_id":null,"last_action":null,"bulk_created":false,"task":27,"project":1,"updated_by":1,"parent_prediction":null,"parent_annotation":null,"last_created_by":null}],"file_upload":"2868e747-KH_aszf.txt","drafts":[],"predictions":[],"data":{"text":"2.11 Az Ügyfél az általa a szolgáltatás használatára felhatalmazott Felhasználókat és hozzáférési jogainak terjedelmét az Adatlap elnevezésű nyomtatványon adja meg a Banknak."},"meta":{},"created_at":"2025-10-16T12:47:26.265717Z","updated_at":"2025-10-16T13:10:09.318361Z","inner_id":27,"total_annotations":1,"cancelled_annotations":0,"total_predictions":0,"comment_count":0,"unresolved_comment_count":0,"last_comment_updated_at":null,"project":1,"updated_by":1,"comment_authors":[]},{"id":28,"annotations":[{"id":23,"completed_by":1,"result":[{"value":{"choices":["3-Többé\/kevésbé megértem"]},"id":"yUr1tqhV9y","from_name":"sentiment","to_name":"text","type":"choices","origin":"manual"}],"was_cancelled":false,"ground_truth":false,"created_at":"2025-10-16T13:10:23.979683Z","updated_at":"2025-10-16T13:10:23.979776Z","draft_created_at":null,"lead_time":10.509,"prediction":{},"result_count":1,"unique_id":"58aab1a8-9d29-4982-8738-2f000976cd6e","import_id":null,"last_action":null,"bulk_created":false,"task":28,"project":1,"updated_by":1,"parent_prediction":null,"parent_annotation":null,"last_created_by":null}],"file_upload":"2868e747-KH_aszf.txt","drafts":[],"predictions":[],"data":{"text":"2.14 Tekintettel arra, hogy az Ügyfél K&H Trambulin 14+ számla esetén korlátozottan cselekvőképes kiskorú személy, a K&H Trambulin e-bank szolgáltatás érvényes igénybevételéhez szükséges, hogy az Ügyfél törvényes képviselője „hozzájáruló nyilatkozatot tegyen és készfizető kezességvállalást vállaljon."},"meta":{},"created_at":"2025-10-16T12:47:26.266026Z","updated_at":"2025-10-16T13:10:24.642296Z","inner_id":28,"total_annotations":1,"cancelled_annotations":0,"total_predictions":0,"comment_count":0,"unresolved_comment_count":0,"last_comment_updated_at":null,"project":1,"updated_by":1,"comment_authors":[]},{"id":30,"annotations":[{"id":24,"completed_by":1,"result":[{"value":{"choices":["4-Érthető"]},"id":"L3_Rlzwl2q","from_name":"sentiment","to_name":"text","type":"choices","origin":"manual"}],"was_cancelled":false,"ground_truth":false,"created_at":"2025-10-16T13:12:00.119933Z","updated_at":"2025-10-16T13:12:00.119994Z","draft_created_at":null,"lead_time":83.468,"prediction":{},"result_count":1,"unique_id":"2a1b52b2-06e8-4d39-a43b-5d06637e2f97","import_id":null,"last_action":null,"bulk_created":false,"task":30,"project":1,"updated_by":1,"parent_prediction":null,"parent_annotation":null,"last_created_by":null}],"file_upload":"2868e747-KH_aszf.txt","drafts":[],"predictions":[],"data":{"text":"3.1 A Bank biztosítja az Ügyfél\/Felhasználó részére – igényének megfelelően – a Bank tulajdonát képező, a szolgáltatás igénybevételéhez szükséges eszközöket: az e-bank azonosító kártyát és az Olvasót, valamint az ezek használatát bemutató telepítési útmutatót. A szolgáltatás igénybevételét segítő felhasználói kézikönyv lakossági e-bank szolgáltatás esetén a https:\/\/ebank.khb.hu\/lakossag, trambulin e-bank szolgáltatás esetén a https:\/\/ebank.khb.hu\/trambulin, míg vállalkozói e-bank szolgáltatás esetén a https:\/\/ebank.khb.hu\/vallalat oldalon tölthető le. Az olvasó a Bank tulajdonát képezi, az Ügyfél\/Felhasználó, mint birtokos azt csak használatba kapja."},"meta":{},"created_at":"2025-10-16T12:47:26.266477Z","updated_at":"2025-10-16T13:12:00.626480Z","inner_id":30,"total_annotations":1,"cancelled_annotations":0,"total_predictions":0,"comment_count":0,"unresolved_comment_count":0,"last_comment_updated_at":null,"project":1,"updated_by":1,"comment_authors":[]},{"id":31,"annotations":[{"id":25,"completed_by":1,"result":[{"value":{"choices":["4-Érthető"]},"id":"iZbfbYz-UI","from_name":"sentiment","to_name":"text","type":"choices","origin":"manual"}],"was_cancelled":false,"ground_truth":false,"created_at":"2025-10-16T13:12:20.781998Z","updated_at":"2025-10-16T13:12:20.782046Z","draft_created_at":null,"lead_time":16.901,"prediction":{},"result_count":1,"unique_id":"927684c5-fb2b-4355-aea7-8891b53cab35","import_id":null,"last_action":null,"bulk_created":false,"task":31,"project":1,"updated_by":1,"parent_prediction":null,"parent_annotation":null,"last_created_by":null}],"file_upload":"2868e747-KH_aszf.txt","drafts":[],"predictions":[],"data":{"text":"3.2 Az Ügyfél köteles a Bank által rendelkezésére bocsátott olvasót és e-bank azonosító kártyát rendeltetésének megfelelően használni, annak állagát, épségét megőrizni. Az Ügyfél köteles az olvasóban bekövetkezett károkat a Banknak, a Hirdetmény szerint megtéríteni. Az olvasó és az e-bank azonosító kártya használata során az Ügyfél köteles a Bank által a rendelkezésére bocsátott telepítési útmutató szerint eljárni, az abban meghatározott előírásokat betartani."},"meta":{},"created_at":"2025-10-16T12:47:26.266676Z","updated_at":"2025-10-16T13:12:21.408977Z","inner_id":31,"total_annotations":1,"cancelled_annotations":0,"total_predictions":0,"comment_count":0,"unresolved_comment_count":0,"last_comment_updated_at":null,"project":1,"updated_by":1,"comment_authors":[]},{"id":32,"annotations":[{"id":26,"completed_by":1,"result":[{"value":{"choices":["5-Könnyen érthető"]},"id":"oPklctgPKx","from_name":"sentiment","to_name":"text","type":"choices","origin":"manual"}],"was_cancelled":false,"ground_truth":false,"created_at":"2025-10-16T13:14:13.327294Z","updated_at":"2025-10-16T13:14:13.327341Z","draft_created_at":null,"lead_time":7.107,"prediction":{},"result_count":1,"unique_id":"e8994473-818d-47f1-86f9-5625ebd3d1c3","import_id":null,"last_action":null,"bulk_created":false,"task":32,"project":1,"updated_by":1,"parent_prediction":null,"parent_annotation":null,"last_created_by":null}],"file_upload":"2868e747-KH_aszf.txt","drafts":[],"predictions":[],"data":{"text":"3.3 A Bank fenntartja a jogát arra, hogy az olvasó használata vonatkozásában további előírásokat határozzon meg."},"meta":{},"created_at":"2025-10-16T12:47:26.266877Z","updated_at":"2025-10-16T13:14:14.044464Z","inner_id":32,"total_annotations":1,"cancelled_annotations":0,"total_predictions":0,"comment_count":0,"unresolved_comment_count":0,"last_comment_updated_at":null,"project":1,"updated_by":1,"comment_authors":[]},{"id":33,"annotations":[{"id":27,"completed_by":1,"result":[{"value":{"choices":["5-Könnyen érthető"]},"id":"6aHhQqDmSY","from_name":"sentiment","to_name":"text","type":"choices","origin":"manual"}],"was_cancelled":false,"ground_truth":false,"created_at":"2025-10-16T13:14:24.179801Z","updated_at":"2025-10-16T13:14:24.179862Z","draft_created_at":null,"lead_time":5.543,"prediction":{},"result_count":1,"unique_id":"84585c2d-3b0d-4834-ab5b-dbc0d0837620","import_id":null,"last_action":null,"bulk_created":false,"task":33,"project":1,"updated_by":1,"parent_prediction":null,"parent_annotation":null,"last_created_by":null}],"file_upload":"2868e747-KH_aszf.txt","drafts":[],"predictions":[],"data":{"text":"3.4 Az Ügyfél köteles haladéktalanul értesíteni a Bankot az olvasó megrongálódásáról, meghibásodásáról, elvesztéséről, ellopásáról, illetve minden egyéb az olvasót érintő eseményről. Meghibásodás esetén az Ügyfél kérésére a Bank gondoskodik az olvasó cseréjéről."},"meta":{},"created_at":"2025-10-16T12:47:26.267104Z","updated_at":"2025-10-16T13:14:25.274916Z","inner_id":33,"total_annotations":1,"cancelled_annotations":0,"total_predictions":0,"comment_count":0,"unresolved_comment_count":0,"last_comment_updated_at":null,"project":1,"updated_by":1,"comment_authors":[]},{"id":34,"annotations":[{"id":28,"completed_by":1,"result":[{"value":{"choices":["3-Többé\/kevésbé megértem"]},"id":"7A4TNODMY7","from_name":"sentiment","to_name":"text","type":"choices","origin":"manual"}],"was_cancelled":false,"ground_truth":false,"created_at":"2025-10-16T13:14:32.598954Z","updated_at":"2025-10-16T13:14:32.599001Z","draft_created_at":null,"lead_time":4.933,"prediction":{},"result_count":1,"unique_id":"3e021968-c573-411e-835c-8e2e4ce1076f","import_id":null,"last_action":null,"bulk_created":false,"task":34,"project":1,"updated_by":1,"parent_prediction":null,"parent_annotation":null,"last_created_by":null}],"file_upload":"2868e747-KH_aszf.txt","drafts":[],"predictions":[],"data":{"text":"3.5 A Bank az e-bank azonosító kártyához PIN kódot mellékel, amelyet az Ügyfél zárt borítékban kap kézhez. A Bank az e-bank azonosító kártyát, a PIN borítékot kizárólag az Ügyfél illetve vállalkozói e- bank esetében a Felhasználó részére adja át, az átadáskor meghatalmazást nem fogad el. A PIN boríték sértetlenségét az e-bank azonosító kártya átvételekor az átvételi elismervényen az Ügyfél\/Felhasználó igazolja. Amennyiben az Ügyfél csak e-azonosító számot igényel, az e-azonosító számot és a hozzá kapcsolódó sms aktivizáló kódot a Bank tájékoztató levélben határozza meg, amelyet a Bank kizárólag személyesen az Ügyfél részére adhat át. A tájékoztató levél egy példányának átvételét az Ügyfél aláírásával igazolja."},"meta":{},"created_at":"2025-10-16T12:47:26.267323Z","updated_at":"2025-10-16T13:14:33.174692Z","inner_id":34,"total_annotations":1,"cancelled_annotations":0,"total_predictions":0,"comment_count":0,"unresolved_comment_count":0,"last_comment_updated_at":null,"project":1,"updated_by":1,"comment_authors":[]},{"id":35,"annotations":[{"id":29,"completed_by":1,"result":[{"value":{"choices":["4-Érthető"]},"id":"VcuCxw0cmc","from_name":"sentiment","to_name":"text","type":"choices","origin":"manual"}],"was_cancelled":false,"ground_truth":false,"created_at":"2025-10-16T13:14:43.363495Z","updated_at":"2025-10-16T13:14:43.363549Z","draft_created_at":null,"lead_time":6.904,"prediction":{},"result_count":1,"unique_id":"536fb80f-e109-4680-86f1-b0453daefb5f","import_id":null,"last_action":null,"bulk_created":false,"task":35,"project":1,"updated_by":1,"parent_prediction":null,"parent_annotation":null,"last_created_by":null}],"file_upload":"2868e747-KH_aszf.txt","drafts":[],"predictions":[],"data":{"text":"3.6 A Bank a szolgáltatással kapcsolatos problémák, ill. az egyes műveletekkel kapcsolatos észrevételek fogadására és kezelésére telefonos ügyfélszolgálatot tart fenn, melyet az ügyfelek a Hirdetményben meghatározott telefonszámon és ügyfélszolgálati időben érhetnek el."},"meta":{},"created_at":"2025-10-16T12:47:26.267626Z","updated_at":"2025-10-16T13:14:44.023733Z","inner_id":35,"total_annotations":1,"cancelled_annotations":0,"total_predictions":0,"comment_count":0,"unresolved_comment_count":0,"last_comment_updated_at":null,"project":1,"updated_by":1,"comment_authors":[]},{"id":36,"annotations":[{"id":30,"completed_by":1,"result":[{"value":{"choices":["5-Könnyen érthető"]},"id":"WPz747eXPH","from_name":"sentiment","to_name":"text","type":"choices","origin":"manual"}],"was_cancelled":false,"ground_truth":false,"created_at":"2025-10-16T13:22:37.807888Z","updated_at":"2025-10-16T13:22:37.807958Z","draft_created_at":null,"lead_time":78.844,"prediction":{},"result_count":1,"unique_id":"0704beec-b539-4e64-84e0-9df7be98f190","import_id":null,"last_action":null,"bulk_created":false,"task":36,"project":1,"updated_by":1,"parent_prediction":null,"parent_annotation":null,"last_created_by":null}],"file_upload":"2868e747-KH_aszf.txt","drafts":[],"predictions":[],"data":{"text":"3.7 Ha az Ügyfél elektronikus banki műveletet hajt végre, a megbízás vagy értesítés Bankhoz történő érkezési időpontjának a Bank számítógépes rendszere által megállapított és rögzített időpont tekintendő."},"meta":{},"created_at":"2025-10-16T12:47:26.267842Z","updated_at":"2025-10-16T13:22:38.258398Z","inner_id":36,"total_annotations":1,"cancelled_annotations":0,"total_predictions":0,"comment_count":0,"unresolved_comment_count":0,"last_comment_updated_at":null,"project":1,"updated_by":1,"comment_authors":[]},{"id":37,"annotations":[{"id":31,"completed_by":1,"result":[{"value":{"choices":["4-Érthető"]},"id":"8tDZp9xQhK","from_name":"sentiment","to_name":"text","type":"choices","origin":"manual"}],"was_cancelled":false,"ground_truth":false,"created_at":"2025-10-16T13:23:07.769264Z","updated_at":"2025-10-16T13:23:07.769317Z","draft_created_at":null,"lead_time":26.304,"prediction":{},"result_count":1,"unique_id":"c92c8c4e-b23b-408e-8e01-af15473ba8b2","import_id":null,"last_action":null,"bulk_created":false,"task":37,"project":1,"updated_by":1,"parent_prediction":null,"parent_annotation":null,"last_created_by":null}],"file_upload":"2868e747-KH_aszf.txt","drafts":[],"predictions":[],"data":{"text":"3.8 A Bank a szolgáltatás igénybevételével végrehajtott tranzakciók teljesítéséről e-bank szolgáltatás esetén, a bankszámla kivonaton értesíti az Ügyfelet."},"meta":{},"created_at":"2025-10-16T12:47:26.268028Z","updated_at":"2025-10-16T13:23:08.272529Z","inner_id":37,"total_annotations":1,"cancelled_annotations":0,"total_predictions":0,"comment_count":0,"unresolved_comment_count":0,"last_comment_updated_at":null,"project":1,"updated_by":1,"comment_authors":[]},{"id":38,"annotations":[{"id":32,"completed_by":1,"result":[{"value":{"choices":["3-Többé\/kevésbé megértem"]},"id":"8OoRdN8X6-","from_name":"sentiment","to_name":"text","type":"choices","origin":"manual"}],"was_cancelled":false,"ground_truth":false,"created_at":"2025-10-16T13:23:19.321660Z","updated_at":"2025-10-16T13:23:19.321724Z","draft_created_at":null,"lead_time":7.442,"prediction":{},"result_count":1,"unique_id":"dbd2aff9-0aab-4b06-8eec-8a4f7c0c9ae7","import_id":null,"last_action":null,"bulk_created":false,"task":38,"project":1,"updated_by":1,"parent_prediction":null,"parent_annotation":null,"last_created_by":null}],"file_upload":"2868e747-KH_aszf.txt","drafts":[],"predictions":[],"data":{"text":"3.9 A Bank a szolgáltatások igénybevétele útján felvett megbízásokat, az írásbeli megbízásokkal azonos tartalmi követelményekkel fogadja be és kezeli. A hatályos jogszabályi rendelkezéseknek nem megfelelő, hiányos, hibás vagy egyébként nem megfelelő adatokat tartalmazó megbízások teljesítését a Bank jogosult megtagadni."},"meta":{},"created_at":"2025-10-16T12:47:26.268207Z","updated_at":"2025-10-16T13:23:19.842835Z","inner_id":38,"total_annotations":1,"cancelled_annotations":0,"total_predictions":0,"comment_count":0,"unresolved_comment_count":0,"last_comment_updated_at":null,"project":1,"updated_by":1,"comment_authors":[]},{"id":39,"annotations":[{"id":33,"completed_by":1,"result":[{"value":{"choices":["4-Érthető"]},"id":"Gd3uShtSTy","from_name":"sentiment","to_name":"text","type":"choices","origin":"manual"}],"was_cancelled":false,"ground_truth":false,"created_at":"2025-10-16T13:23:51.379752Z","updated_at":"2025-10-16T13:23:51.379814Z","draft_created_at":null,"lead_time":28.635,"prediction":{},"result_count":1,"unique_id":"e34a0f45-3620-4d97-9102-cfbed3e9d875","import_id":null,"last_action":null,"bulk_created":false,"task":39,"project":1,"updated_by":1,"parent_prediction":null,"parent_annotation":null,"last_created_by":null}],"file_upload":"2868e747-KH_aszf.txt","drafts":[],"predictions":[],"data":{"text":"3.10 A Bank nem vállal felelősséget a szolgáltatások nyújtása során felmerült technikai hibákért, illetve a tranzakciók ebből eredő sikertelenségéért."},"meta":{},"created_at":"2025-10-16T12:47:26.268383Z","updated_at":"2025-10-16T13:23:51.958588Z","inner_id":39,"total_annotations":1,"cancelled_annotations":0,"total_predictions":0,"comment_count":0,"unresolved_comment_count":0,"last_comment_updated_at":null,"project":1,"updated_by":1,"comment_authors":[]},{"id":40,"annotations":[{"id":34,"completed_by":1,"result":[{"value":{"choices":["5-Könnyen érthető"]},"id":"SJDF6OsYW-","from_name":"sentiment","to_name":"text","type":"choices","origin":"manual"}],"was_cancelled":false,"ground_truth":false,"created_at":"2025-10-16T13:24:02.344307Z","updated_at":"2025-10-16T13:24:02.344355Z","draft_created_at":null,"lead_time":7.293,"prediction":{},"result_count":1,"unique_id":"7fb2f251-c301-4cc9-b4ad-3397b1171017","import_id":null,"last_action":null,"bulk_created":false,"task":40,"project":1,"updated_by":1,"parent_prediction":null,"parent_annotation":null,"last_created_by":null}],"file_upload":"2868e747-KH_aszf.txt","drafts":[],"predictions":[],"data":{"text":"3.11 Azon megbízások teljesítését, melyek rögzítése közben valamely technikai probléma merül fel, és ezáltal a megbízás megerősítése és\/vagy végrehajtásának visszaigazolása elmarad, a Bank jogosult megtagadni."},"meta":{},"created_at":"2025-10-16T12:47:26.268567Z","updated_at":"2025-10-16T13:24:02.901226Z","inner_id":40,"total_annotations":1,"cancelled_annotations":0,"total_predictions":0,"comment_count":0,"unresolved_comment_count":0,"last_comment_updated_at":null,"project":1,"updated_by":1,"comment_authors":[]},{"id":41,"annotations":[{"id":35,"completed_by":1,"result":[{"value":{"choices":["4-Érthető"]},"id":"oj64ymkNdY","from_name":"sentiment","to_name":"text","type":"choices","origin":"manual"}],"was_cancelled":false,"ground_truth":false,"created_at":"2025-10-16T13:26:20.144259Z","updated_at":"2025-10-16T13:26:20.144321Z","draft_created_at":null,"lead_time":133.974,"prediction":{},"result_count":1,"unique_id":"9df85050-5648-4066-a7fd-46a4f60b1237","import_id":null,"last_action":null,"bulk_created":false,"task":41,"project":1,"updated_by":1,"parent_prediction":null,"parent_annotation":null,"last_created_by":null}],"file_upload":"2868e747-KH_aszf.txt","drafts":[],"predictions":[],"data":{"text":"3.12 Amennyiben az Ügyfél az e-bank azonosító kártyát, az e-azonosító számot, a PIN kódot, illetve az sms aktivizáló kódot, valamint az egyszer használatos jelszót nem titkosan, nem megfelelő gondossággal kezeli, vagy más használatába adja, illetve más tudomására hozza, az ebből eredő károk az Ügyfelet terhelik, ezekért a Bank felelősséget nem vállal."},"meta":{},"created_at":"2025-10-16T12:47:26.268859Z","updated_at":"2025-10-16T13:26:20.670044Z","inner_id":41,"total_annotations":1,"cancelled_annotations":0,"total_predictions":0,"comment_count":0,"unresolved_comment_count":0,"last_comment_updated_at":null,"project":1,"updated_by":1,"comment_authors":[]},{"id":42,"annotations":[{"id":36,"completed_by":1,"result":[{"value":{"choices":["4-Érthető"]},"id":"u4xxmDGHLs","from_name":"sentiment","to_name":"text","type":"choices","origin":"manual"}],"was_cancelled":false,"ground_truth":false,"created_at":"2025-10-16T13:26:34.533121Z","updated_at":"2025-10-16T13:26:34.533175Z","draft_created_at":null,"lead_time":10.854,"prediction":{},"result_count":1,"unique_id":"b243eebc-e488-406b-bb5c-148ed8d467e1","import_id":null,"last_action":null,"bulk_created":false,"task":42,"project":1,"updated_by":1,"parent_prediction":null,"parent_annotation":null,"last_created_by":null}],"file_upload":"2868e747-KH_aszf.txt","drafts":[],"predictions":[],"data":{"text":"3.13 A szolgáltatás igénybevételével történő rendelkezésekhez a jogosultság igazolása az e-bank azonosító kártya, és a PIN kód, illetve az e-azonosító szám és az egyszer használatos jelszó együttes használatával történik. A Bank nem vizsgálja az e-bank azonosító kártya, és a PIN kód, illetve az e- azonosító szám és az egyszer használatos jelszó használójának a használatra vonatkozó jogosultságát, illetve a használat körülményeit. Az illetéktelen használatból eredő károkért a Bank nem tartozik felelősséggel."},"meta":{},"created_at":"2025-10-16T12:47:26.270140Z","updated_at":"2025-10-16T13:26:35.052591Z","inner_id":42,"total_annotations":1,"cancelled_annotations":0,"total_predictions":0,"comment_count":0,"unresolved_comment_count":0,"last_comment_updated_at":null,"project":1,"updated_by":1,"comment_authors":[]},{"id":43,"annotations":[{"id":37,"completed_by":1,"result":[{"value":{"choices":["3-Többé\/kevésbé megértem"]},"id":"6DKfRX3n6c","from_name":"sentiment","to_name":"text","type":"choices","origin":"manual"}],"was_cancelled":false,"ground_truth":false,"created_at":"2025-10-16T13:27:56.097909Z","updated_at":"2025-10-16T13:27:56.097954Z","draft_created_at":null,"lead_time":76.068,"prediction":{},"result_count":1,"unique_id":"f7c38106-54bc-4a7f-b760-d09d252c390c","import_id":null,"last_action":null,"bulk_created":false,"task":43,"project":1,"updated_by":1,"parent_prediction":null,"parent_annotation":null,"last_created_by":null}],"file_upload":"2868e747-KH_aszf.txt","drafts":[],"predictions":[],"data":{"text":"3.14 Az Ügyfél köteles az általa adott megbízások szükséges fedezetének a teljesítés időpontjában történő rendelkezésre állásáról gondoskodni, ideértve a megbízások teljesítése esetére felszámítandó azon mindenkori díjak, költségek összegét is, melyek a megbízás teljesítésével egyidejűleg esedékesek. Amennyiben a megbízások költségeinek fedezetére az ügyfél számlája nem szolgál megfelelő fedezetül, a Bank jogosult a megbízás teljesítését visszautasítani."},"meta":{},"created_at":"2025-10-16T12:47:26.270622Z","updated_at":"2025-10-16T13:27:56.580136Z","inner_id":43,"total_annotations":1,"cancelled_annotations":0,"total_predictions":0,"comment_count":0,"unresolved_comment_count":0,"last_comment_updated_at":null,"project":1,"updated_by":1,"comment_authors":[]},{"id":44,"annotations":[{"id":38,"completed_by":1,"result":[{"value":{"choices":["4-Érthető"]},"id":"n3do2ilLQV","from_name":"sentiment","to_name":"text","type":"choices","origin":"manual"}],"was_cancelled":false,"ground_truth":false,"created_at":"2025-10-16T13:28:06.604316Z","updated_at":"2025-10-16T13:28:06.604350Z","draft_created_at":null,"lead_time":6.281,"prediction":{},"result_count":1,"unique_id":"970688f4-8d55-43a7-866a-325e38504604","import_id":null,"last_action":null,"bulk_created":false,"task":44,"project":1,"updated_by":1,"parent_prediction":null,"parent_annotation":null,"last_created_by":null}],"file_upload":"2868e747-KH_aszf.txt","drafts":[],"predictions":[],"data":{"text":"3.15 A Bank a szolgáltatások igénybevétele útján felvett megbízásokat a megbízások befogadásának és teljesítésének rendjéről szóló Hirdetményében meghatározott határidőn belül teljesíti."},"meta":{},"created_at":"2025-10-16T12:47:26.271329Z","updated_at":"2025-10-16T13:28:07.071879Z","inner_id":44,"total_annotations":1,"cancelled_annotations":0,"total_predictions":0,"comment_count":0,"unresolved_comment_count":0,"last_comment_updated_at":null,"project":1,"updated_by":1,"comment_authors":[]},{"id":45,"annotations":[{"id":39,"completed_by":1,"result":[{"value":{"choices":["3-Többé\/kevésbé megértem"]},"id":"6Gl4jLTeZk","from_name":"sentiment","to_name":"text","type":"choices","origin":"manual"}],"was_cancelled":false,"ground_truth":false,"created_at":"2025-10-16T13:28:15.870587Z","updated_at":"2025-10-16T13:28:15.870703Z","draft_created_at":null,"lead_time":5.2,"prediction":{},"result_count":1,"unique_id":"52dadaf8-6d4c-4689-9c6a-c12013f2e9c0","import_id":null,"last_action":null,"bulk_created":false,"task":45,"project":1,"updated_by":1,"parent_prediction":null,"parent_annotation":null,"last_created_by":null}],"file_upload":"2868e747-KH_aszf.txt","drafts":[],"predictions":[],"data":{"text":"3.16 A Bank a szolgáltatások igénybevétele útján megadott megbízást és azok teljesítését számítástechnikai rendszere útján rögzíti. Az Ügyfél\/Felhasználó elfogadja a Bank rendszerében rögzített adatok valódiságát, esetleges jogvita esetén bizonyítékként ismeri el azokat, mind a megbízás megadására, mind annak teljesítésére vonatkozóan."},"meta":{},"created_at":"2025-10-16T12:47:26.271699Z","updated_at":"2025-10-16T13:28:16.434324Z","inner_id":45,"total_annotations":1,"cancelled_annotations":0,"total_predictions":0,"comment_count":0,"unresolved_comment_count":0,"last_comment_updated_at":null,"project":1,"updated_by":1,"comment_authors":[]},{"id":46,"annotations":[{"id":40,"completed_by":1,"result":[{"value":{"choices":["4-Érthető"]},"id":"uufriW1WjE","from_name":"sentiment","to_name":"text","type":"choices","origin":"manual"}],"was_cancelled":false,"ground_truth":false,"created_at":"2025-10-16T13:28:27.954067Z","updated_at":"2025-10-16T13:28:27.954121Z","draft_created_at":null,"lead_time":7.709,"prediction":{},"result_count":1,"unique_id":"9865730d-7069-40e0-8229-904c0ee8f345","import_id":null,"last_action":null,"bulk_created":false,"task":46,"project":1,"updated_by":1,"parent_prediction":null,"parent_annotation":null,"last_created_by":null}],"file_upload":"2868e747-KH_aszf.txt","drafts":[],"predictions":[],"data":{"text":"3.17 A Bank minden elvárhatót megtesz annak érdekében, hogy az Ügyfél adatai – elektronikus úton történő adattovábbítás esetén - illetéktelen személyek részére ne lehessenek hozzáférhetőek. Az Ügyfél tudomásul veszi, hogy amennyiben valamely adat a Bank elvárható gondossága ellenére harmadik személy részére hozzáférhetővé válik, az ebből eredő kárért a Bankkal szemben igényt nem támaszt."},"meta":{},"created_at":"2025-10-16T12:47:26.272023Z","updated_at":"2025-10-16T13:28:28.397686Z","inner_id":46,"total_annotations":1,"cancelled_annotations":0,"total_predictions":0,"comment_count":0,"unresolved_comment_count":0,"last_comment_updated_at":null,"project":1,"updated_by":1,"comment_authors":[]},{"id":47,"annotations":[{"id":41,"completed_by":1,"result":[{"value":{"choices":["4-Érthető"]},"id":"LwR4QtP_bO","from_name":"sentiment","to_name":"text","type":"choices","origin":"manual"}],"was_cancelled":false,"ground_truth":false,"created_at":"2025-10-16T13:28:38.574387Z","updated_at":"2025-10-16T13:28:38.574427Z","draft_created_at":null,"lead_time":7.108,"prediction":{},"result_count":1,"unique_id":"8dfaa1f6-2732-49cc-bb0d-d03a873f594f","import_id":null,"last_action":null,"bulk_created":false,"task":47,"project":1,"updated_by":1,"parent_prediction":null,"parent_annotation":null,"last_created_by":null}],"file_upload":"2868e747-KH_aszf.txt","drafts":[],"predictions":[],"data":{"text":"3.18 Az Ügyfél haladéktalanul köteles bejelenteni a Banknak, ha azt észleli, hogy a számlakivonaton jogosulatlan műveletet tűntettek fel. A reklamáció a Bankkal szembeni kötelezettségekre nem jelent halasztási lehetőséget. A bejelentést az Ügyfél írásban, a Bank bármely fiókjában megteheti."},"meta":{},"created_at":"2025-10-16T12:47:26.272289Z","updated_at":"2025-10-16T13:28:39.280725Z","inner_id":47,"total_annotations":1,"cancelled_annotations":0,"total_predictions":0,"comment_count":0,"unresolved_comment_count":0,"last_comment_updated_at":null,"project":1,"updated_by":1,"comment_authors":[]},{"id":48,"annotations":[{"id":42,"completed_by":1,"result":[{"value":{"choices":["3-Többé\/kevésbé megértem"]},"id":"9NMSK3BTZo","from_name":"sentiment","to_name":"text","type":"choices","origin":"manual"}],"was_cancelled":false,"ground_truth":false,"created_at":"2025-10-16T13:31:06.137244Z","updated_at":"2025-10-16T13:31:06.137275Z","draft_created_at":null,"lead_time":144.06,"prediction":{},"result_count":1,"unique_id":"fe2d8332-b52d-4820-b669-4401e33ac802","import_id":null,"last_action":null,"bulk_created":false,"task":48,"project":1,"updated_by":1,"parent_prediction":null,"parent_annotation":null,"last_created_by":null}],"file_upload":"2868e747-KH_aszf.txt","drafts":[],"predictions":[],"data":{"text":"3.19 A Bank nem felel azokért az eseményekért, nem teljesítésekért, amelyek abból adódnak, hogy Ügyfél nem vagy nem megfelelően alkalmazza az e-bank azonosító kártyát, az e-azonosító számot, illetve az olvasót, vagy nem a rendeltetésszerű használatukhoz szükséges környezetben alkalmazza azokat. Rendeltetésszerű használathoz szükséges környezeten az ÁSZF-ben meghatározott paraméterű eszközöket, a Bank által rendelkezésre bocsátott telepítő program komponenseit valamint az ezek állandó használatára alkalmas mindenkori technikai környezetet kell érteni."},"meta":{},"created_at":"2025-10-16T12:47:26.272534Z","updated_at":"2025-10-16T13:31:06.712235Z","inner_id":48,"total_annotations":1,"cancelled_annotations":0,"total_predictions":0,"comment_count":0,"unresolved_comment_count":0,"last_comment_updated_at":null,"project":1,"updated_by":1,"comment_authors":[]},{"id":49,"annotations":[{"id":43,"completed_by":1,"result":[{"value":{"choices":["4-Érthető"]},"id":"xKPiORYcVt","from_name":"sentiment","to_name":"text","type":"choices","origin":"manual"}],"was_cancelled":false,"ground_truth":false,"created_at":"2025-10-16T13:31:16.949554Z","updated_at":"2025-10-16T13:31:16.949625Z","draft_created_at":null,"lead_time":7.357,"prediction":{},"result_count":1,"unique_id":"fe9e9b33-db56-4836-8c8d-1ce496d90406","import_id":null,"last_action":null,"bulk_created":false,"task":49,"project":1,"updated_by":1,"parent_prediction":null,"parent_annotation":null,"last_created_by":null}],"file_upload":"2868e747-KH_aszf.txt","drafts":[],"predictions":[],"data":{"text":"3.20 A Bank kizárja felelősségi köréből azokat a káreseményeket is, amelyek abból erednek, hogy az Ügyfél nem az előírt módon kezeli, tárolja, használja az e-bank azonosító kártyát, az e-azonosító számot, az sms aktivizáló kódot és az egyszer használatos jelszót, illetve a PIN kódot."},"meta":{},"created_at":"2025-10-16T12:47:26.272773Z","updated_at":"2025-10-16T13:31:17.656019Z","inner_id":49,"total_annotations":1,"cancelled_annotations":0,"total_predictions":0,"comment_count":0,"unresolved_comment_count":0,"last_comment_updated_at":null,"project":1,"updated_by":1,"comment_authors":[]},{"id":50,"annotations":[{"id":44,"completed_by":1,"result":[{"value":{"choices":["5-Könnyen érthető"]},"id":"AqImvOauMB","from_name":"sentiment","to_name":"text","type":"choices","origin":"manual"}],"was_cancelled":false,"ground_truth":false,"created_at":"2025-10-16T13:31:27.788521Z","updated_at":"2025-10-16T13:31:27.788570Z","draft_created_at":null,"lead_time":7.067,"prediction":{},"result_count":1,"unique_id":"c3a35dab-785b-4d22-b578-56a7ba728744","import_id":null,"last_action":null,"bulk_created":false,"task":50,"project":1,"updated_by":1,"parent_prediction":null,"parent_annotation":null,"last_created_by":null}],"file_upload":"2868e747-KH_aszf.txt","drafts":[],"predictions":[],"data":{"text":"3.21 A Bank fenntartja a jogot, hogy alkalomszerűen - rendszerkarbantartás miatt – rövid időre nem biztosítja a rendszer rendelkezésre állását. A Bank vállalja, hogy az előrelátható szüneteltetés időpontjáról a rendszeren keresztül tájékoztatja az Ügyfelet\/Felhasználót. A szüneteltetésből adódó esetleges károkért a Bank nem vállal felelősséget."},"meta":{},"created_at":"2025-10-16T12:47:26.273112Z","updated_at":"2025-10-16T13:31:28.492751Z","inner_id":50,"total_annotations":1,"cancelled_annotations":0,"total_predictions":0,"comment_count":0,"unresolved_comment_count":0,"last_comment_updated_at":null,"project":1,"updated_by":1,"comment_authors":[]},{"id":51,"annotations":[{"id":45,"completed_by":1,"result":[{"value":{"choices":["5-Könnyen érthető"]},"id":"0s8n2umVmS","from_name":"sentiment","to_name":"text","type":"choices","origin":"manual"}],"was_cancelled":false,"ground_truth":false,"created_at":"2025-10-16T13:31:40.891966Z","updated_at":"2025-10-16T13:31:40.892025Z","draft_created_at":null,"lead_time":8.542,"prediction":{},"result_count":1,"unique_id":"9ed3dfae-24d4-44a6-9911-8ff0e868cee4","import_id":null,"last_action":null,"bulk_created":false,"task":51,"project":1,"updated_by":1,"parent_prediction":null,"parent_annotation":null,"last_created_by":null}],"file_upload":"2868e747-KH_aszf.txt","drafts":[],"predictions":[],"data":{"text":"3.22 A Bank az Ügyfél bármely okból benyújtott panaszának megalapozottságát saját hatáskörben vizsgálja meg és dönt a szükséges intézkedésekről. A Bank az Ügyfél panaszának elbírálásáról 15 napon belül küld értesítést."},"meta":{},"created_at":"2025-10-16T12:47:26.273343Z","updated_at":"2025-10-16T13:31:41.342548Z","inner_id":51,"total_annotations":1,"cancelled_annotations":0,"total_predictions":0,"comment_count":0,"unresolved_comment_count":0,"last_comment_updated_at":null,"project":1,"updated_by":1,"comment_authors":[]},{"id":53,"annotations":[{"id":46,"completed_by":1,"result":[{"value":{"choices":["5-Könnyen érthető"]},"id":"IcKhNw7_v2","from_name":"sentiment","to_name":"text","type":"choices","origin":"manual"}],"was_cancelled":false,"ground_truth":false,"created_at":"2025-10-16T13:32:10.213920Z","updated_at":"2025-10-16T13:32:10.213968Z","draft_created_at":null,"lead_time":21.053,"prediction":{},"result_count":1,"unique_id":"af959d75-563d-4e16-aaee-c7446330bcac","import_id":null,"last_action":null,"bulk_created":false,"task":53,"project":1,"updated_by":1,"parent_prediction":null,"parent_annotation":null,"last_created_by":null}],"file_upload":"2868e747-KH_aszf.txt","drafts":[],"predictions":[],"data":{"text":"4.1 K&H lakossági e-bank esetében a 2003. január 1. előtt kiadott e-bank azonosító kártyák lejáratának ideje a kártyán év és hónap szerint van feltüntetve. Az ezt követő időpont után legyártott e-bank azonosítók kártyák esetében az érvényességi idő feltüntetésének módja hónap\/év. Az e-bank azonosító kártya a lejárati hónap utolsó nap 24.00 óráig érvényes. A lejárati idő az e-bank azonosító kártyán látható módon kerül feltüntetésre."},"meta":{},"created_at":"2025-10-16T12:47:26.273762Z","updated_at":"2025-10-16T13:32:11.022106Z","inner_id":53,"total_annotations":1,"cancelled_annotations":0,"total_predictions":0,"comment_count":0,"unresolved_comment_count":0,"last_comment_updated_at":null,"project":1,"updated_by":1,"comment_authors":[]},{"id":54,"annotations":[{"id":47,"completed_by":1,"result":[{"value":{"choices":["5-Könnyen érthető"]},"id":"R2stF8ndZy","from_name":"sentiment","to_name":"text","type":"choices","origin":"manual"}],"was_cancelled":false,"ground_truth":false,"created_at":"2025-10-16T13:32:19.448927Z","updated_at":"2025-10-16T13:32:19.448991Z","draft_created_at":null,"lead_time":5.26,"prediction":{},"result_count":1,"unique_id":"3c6b7a38-ed9e-4ba3-84cb-1da778796b58","import_id":null,"last_action":null,"bulk_created":false,"task":54,"project":1,"updated_by":1,"parent_prediction":null,"parent_annotation":null,"last_created_by":null}],"file_upload":"2868e747-KH_aszf.txt","drafts":[],"predictions":[],"data":{"text":"4.2 Az e-bank azonosító kártyát, illetve az e-azonosító számot kizárólag az Ügyfél\/Felhasználó jogosultó használni, az át nem ruházható, illetve tilos azt biztosítékul zálogba adni, vagy óvadékként letétbe helyezni."},"meta":{},"created_at":"2025-10-16T12:47:26.274974Z","updated_at":"2025-10-16T13:32:20.035833Z","inner_id":54,"total_annotations":1,"cancelled_annotations":0,"total_predictions":0,"comment_count":0,"unresolved_comment_count":0,"last_comment_updated_at":null,"project":1,"updated_by":1,"comment_authors":[]}]